StartDate,EndDate,Status,Progress,Duration (in seconds),Finished,RecordedDate,ResponseId,RecipientLastName,RecipientFirstName,RecipientEmail,ExternalReference,DistributionChannel,UserLanguage,Q29,Q30,Q2,Q3,Q4,Q5,Q5_6_TEXT,Q6,Q7,Q7_7_TEXT,Q8,Q9,Q9_5_TEXT,Q10,Q10_6_TEXT,Q11,Q12,Q12_5_TEXT,Q13,Q14,Q28_1,Q28_2,Q28_3,Q28_4,Q28_5,Q20_1,Q20_2,Q20_3,Q20_4,Q20_5,Q20_6,Q20_7,Q20_8,Q20_9,Q20_10,Q20_11,Q20_12,Q22_1,Q22_2,Q22_3,Q22_4,Q22_5,Q22_6,Q22_7,Q22_8,Q22_9,Q22_10,Q22_11,Q22_12,Q22_13,Q22_14,Q22_15,Q22_16,Q22_17,Q22_18,Q22_19,Q22_20,Q24_1,Q24_2,Q24_3,Q24_4,Q24_5,Q24_6,Q24_7,Q24_8,Q24_9,Q24_10,Q24_11,Q24_12,Q26_1,Q26_2,Q26_3,Q26_4,Q26_5,Q26_6,Q26_7,Q26_8,Q26_9,Q26_10,Q26_11,Q26_12,PROLIFIC_PID,Create New Field or Choose From Dropdown...
Start Date,End Date,Response Type,Progress,Duration (in seconds),Finished,Recorded Date,Response ID,Recipient Last Name,Recipient First Name,Recipient Email,External Data Reference,Distribution Channel,User Language,"What is your Prolific ID?
Please note that this response should auto-fill with the correct response.",Please enter the word as directed in the instructions above.,Age,Gender:,Country of employment,Current teaching roles - Selected Choice,Current teaching roles - Other: - Text,Main subject(s) taught,Educational level(s) taught - Selected Choice,Educational level(s) taught - Other - Text,Years of teaching experience,Employment status - Selected Choice,Employment status - Other - Text,Nature of teaching activities - Selected Choice,Nature of teaching activities - Other: - Text,How often do you currently teach?,Highest level of education completed - Selected Choice,Highest level of education completed - Other - Text,Field of study / academic background,Have you received formal teacher training?,"Please indicate for each of the five statements which is closest to how you have been
feeling over the last two weeks. Notice that higher numbers mean better well-being.
Example. If you have felt cheerful and in good spirits more than half of the time during
the last two weeks, select number three. - 1. I have felt cheerful and in good spirits","Please indicate for each of the five statements which is closest to how you have been
feeling over the last two weeks. Notice that higher numbers mean better well-being.
Example. If you have felt cheerful and in good spirits more than half of the time during
the last two weeks, select number three. - 2. I have felt calm and relaxed","Please indicate for each of the five statements which is closest to how you have been
feeling over the last two weeks. Notice that higher numbers mean better well-being.
Example. If you have felt cheerful and in good spirits more than half of the time during
the last two weeks, select number three. - 3. I have felt active and vigorous","Please indicate for each of the five statements which is closest to how you have been
feeling over the last two weeks. Notice that higher numbers mean better well-being.
Example. If you have felt cheerful and in good spirits more than half of the time during
the last two weeks, select number three. - 4. I woke up feeling fresh and rested","Please indicate for each of the five statements which is closest to how you have been
feeling over the last two weeks. Notice that higher numbers mean better well-being.
Example. If you have felt cheerful and in good spirits more than half of the time during
the last two weeks, select number three. - 5. My daily life has been filled with things that interested me",While thinking of your teaching experience.. - 1. I feel a strong sense of collaboration with my colleagues.,While thinking of your teaching experience.. - 2. I feel I can rely on my colleagues when challenges arise.,While thinking of your teaching experience.. - 3. I feel I can engage in constructive discussions with my colleagues.,While thinking of your teaching experience.. - 4. I feel supported by my colleagues in managing our shared work responsibilities.,While thinking of your teaching experience.. - 5. I feel able to create a climate of mutual trust with my students.,While thinking of your teaching experience.. - 6. I perceive that my students are engaged in the activities I propose.,While thinking of your teaching experience.. - 7. I feel I have a strong working relationship with my students.,While thinking of your teaching experience.. - 8. I feel confident in my ability to establish positive connections with my students.,While thinking of your teaching experience.. - 9. I feel appreciated as a teacher in my school.,While thinking of your teaching experience.. - 10. I feel respected as a professional within my school.,While thinking of your teaching experience.. - 11. I feel that my opinions are taken into account in school decisions.,While thinking of your teaching experience.. - 12. I feel like an integral part of the school community.,How often do you feel the following? - 1. I feel in tune with the people around me.,How often do you feel the following? - 2. I lack companionship.,How often do you feel the following? - 3. I feel that there is no one I can turn to.,How often do you feel the following? - 4. I do not feel alone.,How often do you feel the following? - 5. I feel part of a group of friends.,How often do you feel the following? - 6. I feel that I have a lot in common with the people around me.,How often do you feel the following? - 7. I am no longer close to anyone.,How often do you feel the following? - 8. My interests and ideas are not shared by those around me.,How often do you feel the following? - 9. I am an outgoing person.,How often do you feel the following? - 10. There are people I feel close to.,How often do you feel the following? - 11. I feel left out.,How often do you feel the following? - 12. My social relationships are superficial.,How often do you feel the following? - 13. No one really knows me well.,How often do you feel the following? - 14. I feel isolated from others.,How often do you feel the following? - 15. I can find companionship when I want it.,How often do you feel the following? - 16. There are people who really understand me.,How often do you feel the following? - 17. I am unhappy being so withdrawn.,How often do you feel the following? - 18. People are around me but not with me.,How often do you feel the following? - 19. There are people I can talk to.,How often do you feel the following? - 20. There are people I can turn to.,Please respond to each question. - 1. How much can you do to control disruptive behavior in the classroom?,Please respond to each question. - 2. How much can you do to motivate students who show low interest in schoolwork?,Please respond to each question. - 3. How much can you do to calm a student who is disruptive or noisy?,Please respond to each question. - 4. How much can you do to help your students value learning?,Please respond to each question. - 5. To what extent can you craft good questions for your students?,Please respond to each question. - 6. How much can you do to get children to follow classroom rules?,Please respond to each question. - 7. How much can you do to get students to believe they can do well in schoolwork?,Please respond to each question. - 8. How well can you establish a classroom management system with each group of students?,Please respond to each question. - 9. To what extent can you use a variety of assessment strategies?,Please respond to each question. - 10. To what extent can you provide an alternative explanation or example when students are confused?,Please respond to each question. - 11. How much can you assist families in helping their children do well in school?,Please respond to each question. - 12. How well can you implement alternative teaching strategies in your classroom?,"Please, rate the level of agreement with each statement - 1. There is a special person who is around when I am in need.","Please, rate the level of agreement with each statement - 2. There is a special person with whom I can share my joys and sorrows.","Please, rate the level of agreement with each statement - 3. My family really tries to help me.","Please, rate the level of agreement with each statement - 4. I get the emotional help and support I need from my family.","Please, rate the level of agreement with each statement - 5. I have a special person who is a real source of comfort to me.","Please, rate the level of agreement with each statement - 6. My friends really try to help me.","Please, rate the level of agreement with each statement - 7. I can count on my friends when things go wrong.","Please, rate the level of agreement with each statement - 8. I can talk about my problems with my family.","Please, rate the level of agreement with each statement - 9. I have friends with whom I can share my joys and sorrows.","Please, rate the level of agreement with each statement - 10. There is a special person in my life who cares about my feelings.","Please, rate the level of agreement with each statement - 11. My family is willing to help me make decisions.","Please, rate the level of agreement with each statement - 12. I can talk about my problems with my friends.",PROLIFIC_PID,Create New Field or Choose From Dropdown...
28/03/2026 03:14,28/03/2026 03:16,0,100,164,1,28/03/2026 03:16,R_8wGrFzBZLazCKfw,,,,,anonymous,EN,,,,,,,,,,,,,,,,,,,,,,,,,,,,,,,,,,,,,,,,,,,,,,,,,,,,,,,,,,,,9,,,,,,,,,,,,,,,,,,,,,,,
28/03/2026 03:44,28/03/2026 03:58,0,100,847,1,28/03/2026 03:58,R_2nIwVENoL415joB,,,,,anonymous,EN,,,,,,,,,,,,,,,,,,,,,3,,,,,,,,,,,,,,,,,,,,,,,,,,,,,,,,,,,,,,,,,,,,,,,,,,,,,,,,,,,,,,
28/03/2026 07:30,28/03/2026 07:34,0,100,250,1,28/03/2026 07:34,R_8J0zjbR6QYTNOP7,,,,,anonymous,EN,,,44,1,Italy,1,,English,"3,4",,20,1,,1,,2,1,,Language Sciences,2,4,4,3,5,3,1,1,2,2,4,4,4,4,1,1,1,1,3,2,2,3,3,2,2,2,3,3,2,2,2,2,2,3,3,2,3,3,4,5,5,5,6,6,6,5,8,8,2,7,7,7,6,6,7,4,4,6,5,7,5,4,,
29/03/2026 08:42,29/03/2026 08:46,0,100,238,1,29/03/2026 08:46,R_2KUdq7lWDw7TGKt,,,,,anonymous,EN,,,35,1,UK,2,,Music,2,,10,4,,"2,3,4,5",,5,2,,Music ,1,4,5,4,5,3,3,3,3,3,4,4,4,4,3,3,2,2,3,2,2,4,4,3,2,2,3,3,2,2,2,1,3,3,1,1,3,3,3,3,3,4,4,5,4,4,3,6,7,7,3,3,5,5,3,5,5,4,5,3,4,5,,
02/04/2026 04:20,02/04/2026 04:24,0,100,252,1,02/04/2026 04:24,R_8EyMrM0fjdQLM9X,,,,,anonymous,EN,,,58,1,UK,1,,Sciences,2,,35,1,,1,,1,2,,Chemistry,2,4,4,4,5,4,4,4,4,4,4,5,5,5,4,4,3,5,3,2,2,4,3,3,1,1,3,3,1,2,2,2,3,4,1,2,4,4,5,5,4,6,6,7,5,5,6,6,2,8,6,6,5,5,6,5,5,5,5,6,5,4,,
02/04/2026 04:26,02/04/2026 04:29,0,100,225,1,02/04/2026 04:29,R_2hA6F6YZku7t7nw,,,,,anonymous,EN,,,49,2,UK,1,,Sciences,"2,3",,16,1,,"1,3",,1,2,,Chemistry,2,2,2,3,3,2,3,3,4,2,4,4,4,4,4,2,1,4,3,2,2,2,3,3,2,2,3,3,2,2,2,2,3,3,1,1,3,3,7,7,6,7,8,7,8,8,8,8,3,7,6,6,3,3,6,4,4,3,4,6,3,4,,
02/04/2026 04:29,02/04/2026 04:33,0,100,194,1,02/04/2026 04:48,R_2432Ae5xjKgvz6a,,,,,anonymous,EN,,,41,2,Italy,4,,Philosophy,"4,6",,6,3,,"1,4,5",,2,3,,Philosophy,3,5,5,5,6,3,2,2,2,2,3,3,3,4,2,2,1,1,2,3,2,2,2,2,2,2,3,2,2,2,2,,2,2,2,2,3,3,2,3,1,2,5,3,4,4,5,6,1,2,4,4,4,4,4,4,4,4,4,4,4,4,,
28/03/2026 03:58,28/03/2026 04:15,0,92,1022,0,04/04/2026 04:15,R_2OVp0RUEShZAmTX,,,,,anonymous,EN,,,,,,,,,,,,,,,,,,,,,,,,,,,,,,,,,,,,,,,,,,,,,,,,,,,,,,,,,,,,,,,,,,,,,,,,,,,,,,,,,,,
28/03/2026 03:04,29/03/2026 04:14,0,92,90607,0,05/04/2026 04:14,R_2SijOoeifMGAJDH,,,,,anonymous,EN,,,,,,,,,,,,,,,,,,,,,,,,,,,,,,,,,,,,,,,,,,,,,,,,,,,,,,,,,,,,,,,,,,,,,,,,,,,,,,,,,,,
07/04/2026 01:13,07/04/2026 01:17,0,100,232,1,07/04/2026 01:17,R_8JM4k2NnyvdCqL7,,,,,anonymous,EN,,,30,1,Austria,2,,Music,"1,2,3,4,5,6",,12,4,,"2,3,4,5",,2,2,,Music Pedagogy,3,2,2,2,2,2,4,4,4,4,4,4,4,5,4,4,4,5,4,1,1,4,4,4,2,2,3,4,2,1,2,2,3,4,1,1,4,3,7,6,8,8,8,7,8,8,7,7,6,9,6,6,6,6,5,6,6,6,7,7,6,7,,
08/04/2026 06:50,08/04/2026 06:53,0,100,225,1,08/04/2026 06:53,R_2Pn3u2Ddk0uMWdE,,,,,anonymous,EN,,,44,1,Belgium,"2,4",,Music,"2,6",,15,1,,"1,2,3,4,5",,1,3,,musicology,1,3,3,4,5,4,2,3,2,2,2,3,3,2,3,3,3,3,3,2,3,3,3,3,2,2,3,2,2,2,,2,2,3,1,,3,2,5,5,4,6,5,5,4,4,6,5,4,5,4,4,5,5,5,,4,4,5,5,5,5,,
23/04/2026 04:48,23/04/2026 04:48,0,100,7,1,23/04/2026 04:48,R_8ERmiMJjROskgMi,,,,,anonymous,EN,andrea,teach,,,,,,,,,,,,,,,,,,,,,,,,,,,,,,,,,,,,,,,,,,,,,,,,,,,,,,,,,,,,,,,,,,,,,,,,,,,,,,,,andrea,
23/04/2026 04:49,23/04/2026 04:50,0,100,70,1,23/04/2026 04:50,R_80GaoIekDgvNOCb,,,,,anonymous,EN,andrea,teacher,12,1,123,2,,123,2,,12,3,,1,,3,2,,123,1,4,2,2,2,2,4,2,2,2,2,2,2,2,2,2,2,2,2,2,2,2,2,2,2,2,2,2,2,2,2,2,2,2,2,2,2,2,4,2,2,2,2,2,2,2,2,2,2,2,4,2,2,2,2,2,2,2,2,2,2,2,andrea,
23/04/2026 04:44,23/04/2026 04:54,0,100,599,1,23/04/2026 04:54,R_8EPuUBdyazso4P7,,,,,anonymous,EN,andrea,,,,,,,,,,,,,,,,,,,,,,,,,,,,,,,,,,,,,,,,,,,,,,,,,,,,,,,,,,,,,,,,,,,,,,,,,,,,,,,,,andrea,
23/04/2026 05:08,23/04/2026 05:13,0,100,286,1,23/04/2026 05:13,R_9JjDz9fjdA7XVwl,,,,,anonymous,EN,6924de4204f56ab6304ebaf1,teacher,36,1,Australia,"1,2",,English,"3,4",,12,1,,1,,1,1,,Bachelor of Creative Arts / Education,2,2,3,3,3,1,2,4,4,4,5,4,5,5,5,4,4,4,4,1,1,4,4,4,1,1,4,4,2,1,1,1,4,4,1,2,4,4,7,7,8,6,8,9,7,6,8,8,7,7,7,7,7,7,7,7,7,7,7,7,7,7,6924de4204f56ab6304ebaf1,
23/04/2026 05:09,23/04/2026 05:18,0,100,528,1,23/04/2026 05:18,R_2fweeC3zOetEUg1,,,,,anonymous,EN,698378cda3c472f2bce234ac,teacher,55,2,Kenya,5,,English,3,,30,1,,"1,3",,2,1,,English Literature,2,3,4,2,5,4,4,4,5,2,4,4,4,4,5,5,4,4,3,2,1,2,3,3,1,1,3,4,2,3,1,1,3,4,3,3,3,3,6,5,4,6,8,7,8,7,7,6,6,8,6,6,5,4,5,5,6,6,5,6,5,6,698378cda3c472f2bce234ac,
23/04/2026 05:08,23/04/2026 05:18,0,100,585,1,23/04/2026 05:18,R_8TZhEhTtK3rnf3l,,,,,anonymous,EN,699981da7b4cc0f65dbb61ec,teacher,39,2,Romania,2,,math,"4,5",,16,1,,2,,1,1,,Engineering,2,2,1,2,2,1,3,1,2,2,4,4,4,5,4,4,4,3,3,3,4,2,3,1,4,4,3,3,3,4,4,4,3,1,2,1,2,1,5,9,8,6,8,8,6,8,9,9,8,9,1,1,1,1,1,3,2,1,3,1,1,5,699981da7b4cc0f65dbb61ec,
23/04/2026 05:10,23/04/2026 05:18,0,100,475,1,23/04/2026 05:18,R_507AKvLgZWzmHSN,,,,,anonymous,EN,69908e014192c788b534890a,teacher,40,2,United States,2,,Work-Based Learning,4,,17,1,,"2,4,5",,1,1,,Family and Consumer Science,2,3,3,2,4,3,4,4,4,4,4,4,4,4,4,4,4,2,4,1,1,4,4,4,1,1,3,4,2,1,1,1,4,4,1,1,4,4,6,3,4,2,6,5,3,7,6,7,3,7,7,7,7,7,7,7,7,7,7,7,7,7,69908e014192c788b534890a,
23/04/2026 05:07,23/04/2026 05:18,0,100,658,1,23/04/2026 05:18,R_2Vyc2fXB6Isezxn,,,,,anonymous,EN,697cc83d155e1a304b7a9907,teacher,28,2,Portugal,2,,Physical Education,"1,2,3,4",,3,2,,"1,5",,2,1,,Sports Science,3,2,3,4,4,2,3,4,4,4,5,5,4,5,4,5,4,3,4,3,1,4,2,4,3,2,4,2,3,4,4,2,3,3,2,2,4,3,7,8,6,8,8,7,8,6,9,7,3,8,7,6,7,6,6,5,5,5,6,7,5,6,697cc83d155e1a304b7a9907,
23/04/2026 05:09,23/04/2026 05:19,0,100,597,1,23/04/2026 05:19,R_83ISGBD4xABGuT7,,,,,anonymous,EN,6977bc673f9a7085d60ffae0,teacher,48,2,Poland,"2,5",,"art, career counseling, techniques",2,,19,1,,1,,1,2,,Graphic design,2,2,4,,4,2,4,4,4,4,4,4,4,4,4,3,4,4,3,2,2,2,2,3,2,1,3,3,1,3,2,1,3,3,2,2,3,3,7,7,7,7,7,7,7,6,6,7,6,7,5,5,6,6,6,4,4,6,6,6,6,5,6977bc673f9a7085d60ffae0,
23/04/2026 05:14,23/04/2026 05:22,0,100,462,1,23/04/2026 05:22,R_5rV3i44zakygDtr,,,,,anonymous,EN,69a719ff0a09773981d56612,teacher,33,2,United States ,1,,Social Studies ,4,,10,1,,1,,1,2,,Integrated Social studies ,2,2,2,3,4,2,4,4,3,4,5,4,5,5,4,4,3,3,3,3,2,3,3,3,3,2,3,3,3,4,3,2,3,3,2,3,4,4,9,7,7,6,6,8,7,9,8,6,6,7,7,7,5,5,6,5,6,6,7,7,5,7,69a719ff0a09773981d56612,
23/04/2026 05:17,23/04/2026 05:28,0,100,665,1,23/04/2026 05:28,R_2eXUe7V1dM3E0Zr,,,,,anonymous,EN,6984a6a0584bbd788eb329e9,teacher,30,1,Spain,"1,2",,English,"1,2,3,4",,10,1,,"1,3",,1,2,,Philology / Linguistics,2,3,2,4,3,3,2,3,3,4,5,4,4,5,5,5,3,4,3,2,2,4,3,3,2,3,2,4,2,2,2,1,3,3,1,2,4,4,7,5,7,8,6,7,7,8,7,9,6,6,6,6,5,5,6,4,4,5,4,6,5,4,6984a6a0584bbd788eb329e9,
23/04/2026 05:44,23/04/2026 05:57,0,100,742,1,23/04/2026 05:57,R_2tu5d6R6FGulj1r,,,,,anonymous,EN,6928b5026c84fcd91c5a7a68,teacher,38,2,france,"1,5",,"French, mathematics, sciences, sports, music, arts, history, geography, english ...",2,,10,1,,1,,2,3,,Phd in environmental sociology,2,5,4,4,2,3,2,4,4,2,4,4,3,4,4,4,4,4,4,3,1,3,3,3,2,3,4,3,2,1,1,1,1,3,1,2,3,3,7,7,7,8,8,8,7,7,8,8,7,8,4,4,5,5,5,4,5,5,5,5,5,5,6928b5026c84fcd91c5a7a68,
23/04/2026 06:16,23/04/2026 06:22,0,100,398,1,23/04/2026 06:22,R_1tfFlqX96O5JFpT,,,,,anonymous,EN,69dc65899bff968fbf68c8ff,teacher,29,1,Canada,1,,English 8-12; IELTS ,"3,4",,7,1,,"2,3,4",,5,1,,BA Communications,3,4,3,5,4,5,2,3,4,4,5,4,5,5,2,4,3,3,3,3,3,3,3,2,2,4,2,3,3,3,4,4,2,1,3,4,4,4,7,4,7,8,9,6,8,5,7,8,7,6,1,1,3,2,1,5,6,3,6,2,2,7,69dc65899bff968fbf68c8ff,
17/04/2026 03:08,17/04/2026 03:09,0,4,62,0,24/04/2026 03:09,R_2jxlTZOvYH2zocP,,,,,anonymous,EN,,,,,,,,,,,,,,,,,,,,,,,,,,,,,,,,,,,,,,,,,,,,,,,,,,,,,,,,,,,,,,,,,,,,,,,,,,,,,,,,,,,
24/04/2026 08:18,24/04/2026 08:19,0,100,98,1,24/04/2026 08:19,R_8qLsPrUjCglU3kt,,,,,anonymous,EN,123,teacher,12,1,12,2,,12,2,,12,2,,2,,1,2,,12,1,2,2,2,2,3,2,2,2,2,2,2,2,2,2,2,2,2,2,2,2,2,2,2,2,2,2,2,2,2,2,2,2,2,2,2,2,2,4,4,4,4,4,4,4,4,4,4,4,4,3,3,3,3,3,3,3,4,3,3,3,3,123,
24/04/2026 08:20,24/04/2026 08:20,0,100,3,1,24/04/2026 08:20,R_2aS7DcBEetpjds9,,,,,anonymous,EN,123,,,,,,,,,,,,,,,,,,,,,,,,,,,,,,,,,,,,,,,,,,,,,,,,,,,,,,,,,,,,,,,,,,,,,,,,,,,,,,,,,123,
24/04/2026 08:23,24/04/2026 08:24,0,100,50,1,24/04/2026 08:24,R_24Db2wiwTuPZHeV,,,,,anonymous,EN,69e8c32cf977d1591aa4ddbe,Teacher,,,,,,,,,,,,,,,,,,,,,,,,,,,,,,,,,,,,,,,,,,,,,,,,,,,,,,,,,,,,,,,,,,,,,,,,,,,,,,,,69e8c32cf977d1591aa4ddbe,
24/04/2026 08:23,24/04/2026 08:27,0,100,226,1,24/04/2026 08:27,R_22xeyc4dRMPIFY0,,,,,anonymous,EN,697a41c35175795597198254,teacher,33,1,U.K.,1,,Maths,"3,4",,8,1,,1,,1,1,,Bsc (hons) Mathematics,2,4,5,5,5,4,3,3,4,2,3,4,4,4,2,2,2,2,4,2,3,2,1,2,2,3,1,4,2,2,4,4,4,4,2,3,1,2,8,7,8,7,8,8,8,8,6,8,2,6,6,6,6,6,6,6,3,5,3,5,4,5,697a41c35175795597198254,
24/04/2026 08:26,24/04/2026 08:27,0,100,83,1,24/04/2026 08:27,R_8YY5UnD5y7WVEb6,,,,,anonymous,EN,69eb260a1ea48a4887b158fb,insegnante,,,,,,,,,,,,,,,,,,,,,,,,,,,,,,,,,,,,,,,,,,,,,,,,,,,,,,,,,,,,,,,,,,,,,,,,,,,,,,,,69eb260a1ea48a4887b158fb,
24/04/2026 08:23,24/04/2026 08:32,0,100,522,1,24/04/2026 08:32,R_7hcnBtvF5pMBSA6,,,,,anonymous,EN,69c588fc7fab6ff2615120d7,teacher,32,1,Canada,"1,2",,English,"3,4",,8,1,,"1,2,3",,1,1,,History,2,5,5,3,5,2,5,5,4,5,4,2,4,4,2,2,3,4,3,2,2,4,3,3,1,2,2,3,2,1,2,2,3,2,2,1,3,3,4,2,6,3,7,4,7,4,6,8,2,6,5,3,6,6,7,3,7,5,6,7,6,2,69c588fc7fab6ff2615120d7,
24/04/2026 08:29,24/04/2026 08:33,0,100,211,1,24/04/2026 08:33,R_1iDQHh72OOKBwP2,,,,,anonymous,EN,69e9694e96793aac02c24de0,teacher,42,2,canada,1,,english,"2,3,4,5",,16,1,,"1,2,3,4",,1,1,,"Bachelor of English, B. Ed",2,2,3,3,5,2,4,4,5,4,4,4,5,4,3,4,3,4,4,3,2,3,3,4,2,2,3,3,2,2,2,2,2,4,4,2,4,4,5,6,6,5,6,7,6,7,8,8,4,6,6,6,5,5,6,6,7,6,6,6,5,6,69e9694e96793aac02c24de0,
24/04/2026 08:23,24/04/2026 08:36,0,100,789,1,24/04/2026 08:36,R_7nUzkUXsfrzD3Te,,,,,anonymous,EN,69ca0d6c15320ea8c68b3f67,teacher,47,1,Canada,"2,6",Online ESL Teacher,ESL,"1,2,3,4,5,6",,24,2,,"2,4",,1,5,Some university,Film Studies,1,5,5,6,6,4,1,1,1,1,5,4,4,5,4,2,1,1,2,4,4,2,1,3,4,3,3,2,4,1,2,4,2,1,4,4,2,2,4,5,4,7,7,9,6,6,2,9,5,6,1,2,2,1,3,1,1,2,1,5,2,1,69ca0d6c15320ea8c68b3f67,
24/04/2026 08:29,24/04/2026 08:42,0,100,811,1,24/04/2026 08:42,R_525aLfvgD8cq90W,,,,,anonymous,EN,69a98bcb8477598f780f9175,teacher,33,2,United States,1,,English Language Arts,"3,4",,7,1,,"3,4",,2,2,,Secondary Education,2,5,5,5,6,4,4,5,3,5,5,2,3,5,4,4,3,3,3,2,1,4,4,3,1,1,3,4,1,1,1,2,4,4,3,2,4,4,9,5,9,7,9,9,7,9,9,7,9,9,7,7,6,6,7,7,7,7,7,7,7,7,69a98bcb8477598f780f9175,
24/04/2026 08:40,24/04/2026 08:51,0,100,693,1,24/04/2026 08:51,R_2GOurQY6rXqvX6F,,,,,anonymous,EN,6925835a3a74d81548f92aa6,teacher,56,2,Spain,1,,English as a second language,"3,4,5,6",,20,2,,"2,3,4",,2,4,,English courses,1,2,3,4,4,2,3,4,4,3,4,4,5,5,5,5,3,5,4,1,1,4,3,3,1,3,4,3,1,2,3,1,4,3,1,1,4,4,8,7,8,6,9,7,8,8,8,4,4,8,5,5,4,5,5,5,5,5,5,5,6,6,6925835a3a74d81548f92aa6,
24/04/2026 08:47,24/04/2026 08:52,0,100,332,1,24/04/2026 08:52,R_7bHq181PCTvXqTZ,,,,,anonymous,EN,695f8b552bbfdcbae8c5e799,teacher,43,2,United States,1,,English,2,,21,1,,1,,1,2,,English Secondary Education,2,3,3,4,4,3,5,5,5,5,4,4,5,4,4,5,4,5,4,1,1,4,4,4,1,1,2,4,1,1,1,1,4,4,2,1,4,4,8,6,7,8,9,8,7,9,9,9,7,7,6,7,7,7,7,7,7,7,6,7,7,7,695f8b552bbfdcbae8c5e799,
24/04/2026 08:41,24/04/2026 08:55,0,100,887,1,24/04/2026 08:55,R_2jtai1SdnIUGUYV,,,,,anonymous,EN,698353f8d25e57a8d3e95f10,teacher,34,1,Egypt,1,,Geography and History,3,,3,1,,"1,3,4",,1,1,,Geography and History Education,2,2,3,3,3,2,4,5,4,4,5,4,4,5,5,5,4,4,4,2,1,1,4,3,1,1,3,4,1,2,1,1,4,4,3,1,4,3,7,6,8,9,8,9,8,8,7,8,6,7,7,7,6,6,7,5,6,6,7,6,6,7,698353f8d25e57a8d3e95f10,
24/04/2026 08:42,24/04/2026 08:57,0,100,874,1,24/04/2026 08:57,R_7Icwtogrf2lvi8z,,,,,anonymous,EN,69e8ee6e2e6a25c2cdee988a,teacher,29,2,Brazil,"1,6",online teache for esl students,English,"1,2,3,4,5",,10,4,,"1,2,3,4",,1,5,Post-graduation degree,"English-Portuguese, Languages",2,4,4,4,5,3,2,3,4,4,4,4,5,5,1,3,2,3,3,3,3,3,4,4,1,1,4,4,1,1,1,1,4,4,2,1,4,4,5,7,6,8,9,5,5,3,5,6,6,5,5,6,7,7,7,7,7,7,7,7,7,7,69e8ee6e2e6a25c2cdee988a,
24/04/2026 08:50,24/04/2026 08:58,0,100,465,1,24/04/2026 08:58,R_2d9A1uK1YBqXerD,,,,,anonymous,EN,69e8df670508d24eaee76b66,teacher,40,2,England,1,,Reception age,"1,2",,22,1,,1,,1,1,,Primary,2,3,3,4,5,2,5,4,4,4,4,4,4,4,2,2,2,2,3,2,2,4,4,4,1,2,4,4,1,2,2,2,4,4,2,2,4,4,3,6,3,6,7,7,7,7,5,8,7,8,7,7,7,7,7,7,7,7,7,7,7,7,69e8df670508d24eaee76b66,
24/04/2026 08:54,24/04/2026 09:00,0,100,362,1,24/04/2026 09:00,R_2DZwXdGQi6eZSzB,,,,,anonymous,EN,698f348bf427741b23a4742c,teacher,35,2,spain,1,,english,"1,2,3",,12,2,,3,,1,1,,special education,2,1,1,2,2,1,5,5,5,5,4,5,4,5,5,5,5,4,4,1,1,2,4,4,1,2,3,4,1,2,1,1,4,4,1,3,4,4,8,9,8,9,9,9,9,8,9,9,8,9,7,7,7,7,7,7,7,7,7,7,7,7,698f348bf427741b23a4742c,
24/04/2026 08:56,24/04/2026 09:02,0,100,348,1,24/04/2026 09:02,R_7G7fdKR0PFuRVpr,,,,,anonymous,EN,69440f7e80a4386d25e90198,teacher,38,2,united states,1,,kindergarten,"1,2",,14,1,,1,,1,2,,"early childhood, ESOL, Educational leadership",2,3,2,2,2,2,5,5,5,5,5,5,5,5,5,5,5,5,4,1,1,4,4,4,1,1,4,4,1,1,1,1,4,4,1,1,4,4,8,8,8,8,9,9,9,9,9,9,7,8,7,7,7,7,7,7,7,7,7,7,7,7,69440f7e80a4386d25e90198,
24/04/2026 08:40,24/04/2026 09:07,0,100,1585,1,24/04/2026 09:07,R_2UWMXTGIN66OOsl,,,,,anonymous,EN,6982f97aea9864d01bb5b2e0,teacher,34,1,Kenya,2,,Biology and Chemistry,"3,4",,8,3,,"1,2,4,5",,1,1,,Bachelor of Education Science(B.Ed. Science) ,2,4,5,4,6,6,3,3,4,2,5,5,5,5,1,3,2,3,2,3,3,3,1,2,2,4,2,3,3,4,3,4,4,2,2,4,4,3,7,7,7,9,9,9,9,9,9,9,8,9,7,6,4,7,6,2,2,6,5,7,5,5,6982f97aea9864d01bb5b2e0,
24/04/2026 09:07,24/04/2026 09:08,0,100,16,1,24/04/2026 09:08,R_5ocN3nt6NxIJPln,,,,,anonymous,EN,699ba7b3eceaeb40fd3a39aa,699ba7b3eceaeb40fd3a39aa,,,,,,,,,,,,,,,,,,,,,,,,,,,,,,,,,,,,,,,,,,,,,,,,,,,,,,,,,,,,,,,,,,,,,,,,,,,,,,,,699ba7b3eceaeb40fd3a39aa,
24/04/2026 09:05,24/04/2026 09:10,0,100,275,1,24/04/2026 09:10,R_57gvsShBI0TOCdO,,,,,anonymous,EN,69d4829fd8f081190f6b6b9b,teacher,40,2,United States,3,,Science,3,,19,1,,"1,3,4",,2,2,,Biology,2,5,5,5,6,5,2,2,4,4,3,2,4,4,1,1,1,1,2,3,3,2,1,2,2,3,2,2,4,4,3,3,3,3,3,3,2,2,9,8,9,6,5,8,6,9,8,8,8,8,2,2,5,5,3,2,2,3,2,2,3,1,69d4829fd8f081190f6b6b9b,
24/04/2026 09:04,24/04/2026 09:13,0,100,560,1,24/04/2026 09:13,R_8nOaPKEpTZ9Q5Fh,,,,,anonymous,EN,697a6fb38cf15e079df3140e,teacher,32,1,Spain,1,,Physics and Chemistry (science),"3,4",,6,1,,"1,3,5",,1,2,,Graduate in Chemical Engineering and Master’s Degree in Logistics Management,2,2,2,3,5,2,4,5,5,4,5,4,4,5,5,4,5,5,4,2,2,3,4,4,2,2,3,4,1,1,2,2,2,3,1,2,4,3,8,8,7,9,9,9,9,7,8,8,8,9,5,6,7,7,7,7,7,7,7,7,7,7,697a6fb38cf15e079df3140e,
24/04/2026 09:10,24/04/2026 09:17,0,100,423,1,24/04/2026 09:17,R_9OqxEpDkLFO37L1,,,,,anonymous,EN,697801e663df41c309064cf4,teacher,36,2,Australia,1,,Vce vm,4,,10,1,,1,,1,2,,Arts,2,4,4,5,4,4,3,4,4,4,4,4,4,4,4,4,4,3,3,2,3,3,3,3,3,3,3,3,3,3,3,3,3,3,3,3,3,3,5,5,5,6,6,5,6,5,6,6,5,6,5,5,2,2,5,4,4,2,2,6,3,4,697801e663df41c309064cf4,
24/04/2026 09:24,24/04/2026 09:33,0,100,562,1,24/04/2026 09:33,R_1XObjnUIKJHjcid,,,,,anonymous,EN,697b7d329eb08e3eb1ec8e2b,teacher,35,1,Mexico,"1,5",,Management,6,,10,2,,1,,2,1,,Management,2,3,2,2,3,2,4,4,2,4,4,4,4,4,5,4,3,4,3,2,2,3,3,1,2,1,3,3,1,2,2,1,3,3,1,2,3,3,6,7,5,7,7,6,7,8,6,7,6,5,7,7,6,6,7,4,5,6,4,7,6,5,697b7d329eb08e3eb1ec8e2b,
24/04/2026 09:12,24/04/2026 09:36,0,100,1402,1,24/04/2026 09:36,R_5QfvSLkPManaBZ2,,,,,anonymous,EN,69aca3ff2a40d7e84d733778,teacher,35,1,Canada,2,,Mathematics,"3,4",,13,1,,"1,4",,1,1,,B.Sc. Mathematics Education,2,2,2,2,2,2,4,4,3,3,4,4,4,4,3,3,3,3,4,2,2,4,4,4,2,2,3,3,2,2,2,2,2,3,2,2,3,3,7,7,6,7,6,6,6,6,7,7,7,7,4,4,5,5,4,4,4,4,3,4,5,4,69aca3ff2a40d7e84d733778,
24/04/2026 09:33,24/04/2026 09:39,0,100,372,1,24/04/2026 09:39,R_2Pvgr4sPDKrSH8Z,,,,,anonymous,EN,697b65f7c1820f8b8ba55487,teacher,30,2,Belgium,1,,Language teacher,"3,4",,6,1,,1,,1,1,,Educational studies,2,2,2,2,3,2,3,3,2,3,5,4,5,5,4,4,2,2,3,3,3,3,4,3,1,3,2,3,2,2,2,1,3,3,1,2,3,3,6,7,6,5,4,8,7,7,3,9,5,8,4,4,5,5,3,5,5,4,5,1,4,5,697b65f7c1820f8b8ba55487,
24/04/2026 09:33,24/04/2026 09:41,0,100,486,1,24/04/2026 09:41,R_7ehqR6R8WRPaP8l,,,,,anonymous,EN,697aabcbdeac385ca47d256f,teacher,50,2,USA,"1,2",,Honors English,4,,26,1,,"1,2,3",,1,2,,Honors English (sophomores) ,2,5,5,6,6,6,3,3,3,2,4,4,4,4,4,4,4,4,3,3,2,3,2,3,3,3,3,3,3,3,2,3,3,2,3,3,2,3,6,6,6,7,8,7,6,6,7,9,7,7,6,7,6,5,6,5,5,6,5,6,5,5,697aabcbdeac385ca47d256f,
24/04/2026 09:49,24/04/2026 09:54,0,100,297,1,24/04/2026 09:54,R_6Hk5MiImS5WIXfT,,,,,anonymous,EN,6945bcb8d7b6d7086cb4018b,teacher,34,2,United States,1,,English Language Arts,"3,4",,11,1,,1,,1,2,,English Education ,2,2,3,2,2,2,4,4,4,4,5,5,5,5,4,4,4,4,3,2,2,4,4,3,1,2,3,3,1,1,1,1,4,3,1,1,4,4,7,7,7,6,7,7,7,7,8,8,7,9,6,6,5,5,6,5,6,5,6,6,5,6,6945bcb8d7b6d7086cb4018b,
24/04/2026 09:53,24/04/2026 09:56,0,100,139,1,24/04/2026 09:56,R_8jdsyCQk5R6O16u,,,,,anonymous,EN,698078cabb2620c571d0a278,Teacher,,,,,,,,,,,,,,,,,,,,,,,,,,,,,,,,,,,,,,,,,,,,,,,,,,,,,,,,,,,,,,,,,,,,,,,,,,,,,,,,698078cabb2620c571d0a278,
24/04/2026 09:56,24/04/2026 10:03,0,100,434,1,24/04/2026 10:03,R_8J3FeGUnuCkPFFn,,,,,anonymous,EN,697b84c90c1e6aa1f88b57fb,teacher,37,2,Italia,6,Private teacher,"Italiano, Matematica","3,5",,5,4,,"1,2,4",,2,2,,"Antropologia Culturale
Comunicazione Interculturale",3,3,5,5,6,5,2,3,3,4,4,4,4,4,4,4,3,3,3,3,3,3,2,3,2,3,2,4,3,2,2,3,3,3,3,3,4,4,5,6,6,7,7,6,6,6,7,8,8,7,7,7,7,7,7,5,4,6,7,7,6,5,697b84c90c1e6aa1f88b57fb,
24/04/2026 09:59,24/04/2026 10:03,0,100,282,1,24/04/2026 10:03,R_2Kp5ZuHliIeQN4m,,,,,anonymous,EN,69308065dce43e2fb6fc54a3,teacher,36,2,Germany ,"1,2",,"English, History","3,4",,11,1,,"1,3",,1,2,,Education ,2,2,2,2,2,3,4,4,4,4,4,3,4,4,2,2,4,3,4,2,2,4,3,4,2,2,3,4,2,2,3,2,4,4,2,2,4,4,7,6,6,7,7,6,6,7,7,6,6,7,6,6,4,3,5,5,5,2,5,5,4,5,69308065dce43e2fb6fc54a3,
24/04/2026 09:49,24/04/2026 10:04,0,100,913,1,24/04/2026 10:04,R_1TUXkiMc6jv6KoF,,,,,anonymous,EN,69e902306f456028cb82b3e8,teacher,44,2,Brazil,1,,English,"2,3,4",,5,3,,1,,1,1,,Foreign Languages,2,4,5,5,6,6,3,4,4,4,3,3,4,4,2,2,3,3,3,3,4,3,2,1,2,2,3,3,4,4,4,3,2,3,3,3,3,3,6,7,5,6,6,4,5,8,7,8,3,4,6,5,5,3,6,2,1,1,4,7,3,4,69e902306f456028cb82b3e8,
24/04/2026 10:02,24/04/2026 10:10,0,100,474,1,24/04/2026 10:10,R_2Lf18rx8icPHnup,,,,,anonymous,EN,6980797a9fe1ae3acd7d61d6,teacher,51,1,Romania,1,,English,4,,29,1,,1,,1,1,,English,2,3,4,3,4,2,4,4,4,4,4,4,4,5,4,4,4,4,3,2,1,3,4,3,1,2,3,4,1,1,1,1,3,4,1,1,4,4,8,7,8,5,7,8,7,8,8,9,5,5,6,6,7,7,6,7,6,7,6,6,7,7,6980797a9fe1ae3acd7d61d6,
24/04/2026 10:11,24/04/2026 10:15,0,100,209,1,24/04/2026 10:15,R_5cLo5XiKrxMv23D,,,,,anonymous,EN,6998f16de4e42aa827623859,teacher,31,1,usa,1,,Computer Science,"3,4",,5,1,,1,,1,2,,Instructional Design,1,3,2,3,2,2,5,5,5,5,5,4,5,5,5,5,5,5,4,3,2,4,4,4,1,2,1,4,2,1,2,3,4,4,3,2,4,4,7,8,6,8,8,8,8,8,8,8,8,8,4,5,6,6,5,4,6,6,6,6,6,6,6998f16de4e42aa827623859,
24/04/2026 10:06,24/04/2026 10:16,0,100,591,1,24/04/2026 10:16,R_7JM6Z2IqyqL5q4F,,,,,anonymous,EN,697b92316a9639dac7e6dad1,teacher,38,1,Mexico,1,,History,"2,3,7",Music,10,2,,2,,2,2,,Basic education master,2,2,3,3,3,2,4,3,2,3,4,4,3,4,2,3,2,3,2,3,3,3,2,2,2,3,3,2,3,3,3,4,3,2,2,3,2,2,8,6,6,7,6,7,7,8,8,8,2,7,6,6,2,3,6,5,5,4,5,6,5,5,697b92316a9639dac7e6dad1,
24/04/2026 10:06,24/04/2026 10:21,0,100,907,1,24/04/2026 10:21,R_3kUESLvmpdeuiis,,,,,anonymous,EN,698133094a42eb8321de199a,teacher,39,1,Argentina,4,,Theory of the political state ,6,,5,2,,1,,2,3,,"Sociology, Educational Sciences ",1,5,4,4,4,3,2,3,1,1,4,4,4,4,4,4,1,2,4,2,1,2,3,2,1,4,2,4,3,4,4,3,4,2,2,4,4,4,9,6,9,7,9,9,9,7,7,8,1,6,7,7,4,4,7,5,7,3,7,7,1,6,698133094a42eb8321de199a,
24/04/2026 10:20,24/04/2026 10:24,0,100,205,1,24/04/2026 10:24,R_6uIuqW1sTsEZMgp,,,,,anonymous,EN,69655759d585853078f81977,teacher,46,2,United States ,1,,English language arts,"1,2",,5,1,,"1,2",,1,1,,English ,2,5,2,4,2,4,1,3,2,3,4,2,4,2,4,2,5,2,4,2,4,2,4,1,4,2,4,2,4,2,4,1,4,1,4,1,2,3,3,6,4,7,5,7,4,7,3,6,4,4,2,3,6,2,5,2,6,3,6,2,5,3,69655759d585853078f81977,
24/04/2026 10:17,24/04/2026 10:25,0,100,516,1,24/04/2026 10:25,R_22mMrwtaxCouTZq,,,,,anonymous,EN,698720113b7524f392ed37f4,teacher,39,2,Spain,"1,2,4",,English,"2,3,4",,15,2,,"1,2,3",,1,1,,Education,2,2,3,2,3,2,3,4,2,2,4,5,4,5,4,2,2,2,2,3,2,3,3,2,1,3,3,3,2,2,2,2,3,3,1,3,3,3,8,7,7,8,8,8,9,7,6,9,6,9,7,7,6,6,7,4,6,5,7,7,6,6,698720113b7524f392ed37f4,
24/04/2026 10:38,24/04/2026 10:44,0,100,341,1,24/04/2026 10:44,R_5ylnaqvU0XU8VU5,,,,,anonymous,EN,691ced72488a014dbdf99c53,teacher,41,1,Canada,"1,2",,Drama,"3,4",,19,1,,1,,1,1,,Drama,2,1,1,1,1,1,5,5,5,5,5,5,5,5,5,5,5,4,4,1,1,4,3,4,1,1,4,4,1,1,2,2,4,4,1,1,4,4,9,9,9,9,8,8,8,9,9,9,9,9,7,7,7,7,7,7,7,7,7,7,7,7,691ced72488a014dbdf99c53,
24/04/2026 10:49,24/04/2026 10:50,0,100,58,1,24/04/2026 10:50,R_2DZkapbypy9Cuf8,,,,,anonymous,EN,6977aaadf315779dbd9c9d1d,Teacher,,,,,,,,,,,,,,,,,,,,,,,,,,,,,,,,,,,,,,,,,,,,,,,,,,,,,,,,,,,,,,,,,,,,,,,,,,,,,,,,6977aaadf315779dbd9c9d1d,
24/04/2026 10:40,24/04/2026 10:53,0,100,784,1,24/04/2026 10:53,R_8wbaALzxFterEjL,,,,,anonymous,EN,696a87c6985da308a9f2829c,teacher,37,1,United Kingdom,"2,4,6",Counselling,English,"3,4",,16,1,,"1,2,3,4,5",,1,1,,Linguistics,2,5,6,5,3,5,5,4,4,5,4,3,4,5,3,4,4,3,3,4,3,2,2,3,3,3,1,2,2,3,3,2,4,2,3,3,2,2,5,5,3,6,4,6,4,6,4,5,7,8,5,5,6,6,5,4,3,6,3,6,6,3,696a87c6985da308a9f2829c,
24/04/2026 10:55,24/04/2026 11:02,0,100,412,1,24/04/2026 11:02,R_1f7B44zqDARsOll,,,,,anonymous,EN,69c30fc32b3622db12a8176e,teacher,62,2,United States,3,,all academic,6,,40,1,,"1,3",,1,2,,Special Education Reading Exceptional Needs Specialist,2,3,3,4,4,3,2,4,4,3,4,2,4,4,2,4,3,3,3,3,2,3,3,3,2,2,3,4,3,3,3,2,3,3,1,1,3,3,6,7,6,5,7,6,7,7,8,8,8,8,6,6,2,2,6,6,6,6,6,2,3,5,69c30fc32b3622db12a8176e,
24/04/2026 11:06,24/04/2026 11:08,0,100,68,1,24/04/2026 11:08,R_2fVzLLvW2A3CSnD,,,,,anonymous,EN,69e7cf826f7d1784a2f8426c69e7cf826f7d1784a2f8426c,Teacher ,,,,,,,,,,,,,,,,,,,,,,,,,,,,,,,,,,,,,,,,,,,,,,,,,,,,,,,,,,,,,,,,,,,,,,,,,,,,,,,,69e7cf826f7d1784a2f8426c,
24/04/2026 11:09,24/04/2026 11:14,0,100,346,1,24/04/2026 11:14,R_3uplUMzX6Cz6ZpU,,,,,anonymous,EN,69974e4e6f6c6dcaa0003e50 69974e4e6f6c6dcaa0003e50,teacher,40,2,Canada,1,,Mathematics ,"2,3,4",,17,2,,3,,1,1,,Bachelor of Education in Mathematics,2,2,2,2,3,3,4,4,4,4,4,4,4,4,4,4,4,4,3,2,1,1,3,3,2,2,3,4,2,3,1,2,4,4,2,2,4,4,9,9,9,7,9,7,8,9,9,8,7,7,5,5,5,5,6,6,6,7,6,7,7,6,69974e4e6f6c6dcaa0003e50,
24/04/2026 11:06,24/04/2026 11:15,0,100,538,1,24/04/2026 11:15,R_5nJcJZ4YIUSS8UN,,,,,anonymous,EN,69137486d441ad79cb8eeae0,teacher,43,2,Canada,"1,2",,"History, Law","3,4",,18,1,,"1,4",,2,4,,"History, Geography",2,3,5,4,5,5,4,5,4,4,4,2,4,4,3,2,1,3,3,2,2,4,4,4,1,2,1,4,2,2,1,1,3,4,3,2,4,4,6,3,5,4,7,6,7,6,9,9,3,8,4,6,5,5,6,5,7,5,7,7,5,6,69137486d441ad79cb8eeae0,
24/04/2026 11:12,24/04/2026 11:17,0,100,302,1,24/04/2026 11:17,R_1dNpQcc4Y3JM7aa,,,,,anonymous,EN,69bf00b13882a8cf2f7400b3,teacher,39,2,United States,1,,Intervention,1,,7,1,,"1,2,3",,2,2,,Early Childhood Education,2,4,4,5,4,4,4,4,3,4,3,3,3,2,3,3,3,3,3,2,3,2,3,3,2,3,3,3,2,2,2,3,3,2,3,3,2,2,6,5,5,6,5,5,6,6,7,6,5,5,6,6,4,2,6,3,4,6,6,4,4,5,69bf00b13882a8cf2f7400b3,
24/04/2026 11:05,24/04/2026 11:17,0,100,735,1,24/04/2026 11:17,R_8Kr1SitADdt8opO,,,,,anonymous,EN,69ddfddfe3c42ae85c3aa7ee,teacher,58,2,South Africa ,5,,English,2,,30,1,,1,,1,4,,Education ,2,1,1,1,1,1,5,5,5,5,5,5,5,5,5,5,5,5,4,4,1,4,4,4,1,1,4,4,1,4,4,1,4,4,1,1,4,4,9,1,9,9,9,9,9,9,9,9,9,9,7,7,7,7,7,7,7,7,7,7,7,7,69ddfddfe3c42ae85c3aa7ee,
24/04/2026 11:07,24/04/2026 11:18,0,100,676,1,24/04/2026 11:18,R_2jiYRMb5Po1i6Bv,,,,,anonymous,EN,698b2ea250a910c0f9258424,teacher,26,2,Morocco ,1,,English ,"1,2,3,4",,5,1,,1,,1,1,,English studies - linguistics ,2,3,4,3,3,2,5,4,5,4,4,4,5,5,5,5,4,4,3,2,1,2,4,3,2,1,3,3,1,2,2,1,4,4,3,2,4,4,7,9,6,8,9,5,8,5,7,9,9,7,7,7,7,7,7,7,7,7,7,7,6,7,698b2ea250a910c0f9258424,
24/04/2026 11:08,24/04/2026 11:21,0,100,768,1,24/04/2026 11:21,R_84NoRIObf8IEOSw,,,,,anonymous,EN,6930813b26adb712afebdc55,teacher,25,1,germany,"3,4",,"maths, politics, physical education",3,,"1,5",4,,"1,3",,3,1,,education in politics and physical education,3,4,5,3,5,4,4,4,4,4,5,4,5,5,3,3,2,4,3,2,2,3,2,2,2,2,2,2,2,3,2,2,3,3,2,1,3,3,4,5,6,7,7,6,7,7,5,5,3,5,7,7,5,7,7,6,7,7,7,7,7,7,6930813b26adb712afebdc55,
24/04/2026 10:52,24/04/2026 11:22,0,100,1790,1,24/04/2026 11:22,R_7chOJDm5id8gqs1,,,,,anonymous,EN,69e04b1a43302f4c63e69bae,teacher,44,2,canada,4,,I'm a teaching assistant. I support special needs students with all subjects,2,,6,3,,1,,1,5,community college diploma,Social services. Diploma in Developmental services worker,2,5,5,6,6,5,3,4,2,3,4,3,4,5,2,1,2,2,3,3,3,3,3,3,2,3,3,3,2,3,3,2,3,3,3,3,3,3,5,5,5,3,3,6,5,4,4,8,5,5,4,4,4,4,4,4,3,6,4,5,5,6,69e04b1a43302f4c63e69bae,
24/04/2026 11:17,24/04/2026 11:25,0,100,458,1,24/04/2026 11:25,R_53BXedW0aZ7SivD,,,,,anonymous,EN,69de76f4b9ff76659b7f792e,teacher,48,2,Canada,"1,2",,Math and Early Literacy ,2,,21,1,,"1,2,3",,1,2,,Marine Biology and Literacy,2,5,5,6,4,4,5,5,5,5,4,4,4,4,1,4,5,4,3,2,2,4,4,4,1,1,4,4,1,1,1,1,4,4,1,1,4,4,5,4,8,5,8,5,6,5,7,7,7,8,6,6,7,7,7,6,7,7,7,7,6,7,69de76f4b9ff76659b7f792e,
24/04/2026 11:19,24/04/2026 11:26,0,100,382,1,24/04/2026 11:26,R_1kNdazuofPXulgK,,,,,anonymous,EN,69cff5023c60b555f967fae5,teacher,31,2,United States,1,,Math,4,,8,1,,1,,1,1,,Education,2,2,3,2,3,5,4,4,4,4,4,4,4,4,4,4,3,4,3,2,1,4,3,3,1,2,3,3,2,2,1,1,3,3,1,2,3,3,7,6,7,6,7,7,6,7,8,7,6,6,6,6,5,6,6,5,6,6,6,6,6,6,69cff5023c60b555f967fae5,
24/04/2026 11:31,24/04/2026 11:31,0,100,32,1,24/04/2026 11:31,R_8De8t54tkifdphn,,,,,anonymous,EN,69eb9533003ff232ca29a84b,teacher ,,,,,,,,,,,,,,,,,,,,,,,,,,,,,,,,,,,,,,,,,,,,,,,,,,,,,,,,,,,,,,,,,,,,,,,,,,,,,,,,69eb9533003ff232ca29a84b,
24/04/2026 11:19,24/04/2026 11:46,0,100,1653,1,24/04/2026 11:46,R_6qapsqKnQSvqCVj,,,,,anonymous,EN,69d574e89290e5a9555dcd83,teacher,46,2,Canada,"1,3",,Grade 6,2,,15,1,,1,,1,1,,Social Work ,2,2,3,3,4,2,4,4,4,4,4,4,4,4,4,4,4,3,4,2,2,4,3,3,2,2,4,3,3,3,3,3,3,3,2,3,3,3,3,7,5,5,9,5,7,7,7,7,3,7,6,5,5,6,6,6,5,5,5,6,7,6,69d574e89290e5a9555dcd83,
24/04/2026 11:42,24/04/2026 11:49,0,100,432,1,24/04/2026 11:49,R_1DHiZcMt7DO5lWc,,,,,anonymous,EN,6964550ebf9b361bdc44fd45,teacher,33,1,USA,3,,Special education,"1,2,3,4",,10,1,,"1,2,3",,1,1,,Education,2,3,3,3,2,2,3,4,4,4,3,2,4,3,3,4,2,2,3,2,1,2,3,3,2,2,4,4,2,2,1,1,4,3,1,1,4,4,6,5,5,5,6,6,6,5,6,5,6,5,5,5,6,6,7,7,7,5,6,7,6,6,6964550ebf9b361bdc44fd45,
24/04/2026 11:44,24/04/2026 11:49,0,100,309,1,24/04/2026 11:49,R_7ql345uJlfkX8sF,,,,,anonymous,EN,696672bf58495a18f8a1851a,teacher,55,2,USA,"1,2,3",,"SPED, English, PE, Health","3,4",,25,1,,"1,3,4",,1,3,,"SPED cross cat, English, PE, Health",2,4,4,5,5,4,5,4,5,5,5,4,5,5,1,2,1,4,4,1,1,4,4,3,1,1,4,4,1,1,1,1,4,4,1,1,4,4,7,8,8,9,9,8,9,9,9,9,8,9,7,7,7,7,7,6,6,6,6,7,6,6,696672bf58495a18f8a1851a,
27/04/2026 08:34,27/04/2026 08:39,0,100,281,1,27/04/2026 08:39,R_210U40fdV81SyiY,,,,,anonymous,EN,69ed36f0b6e1c65011c5bd75,teacher,40,1,England ,1,,Geography ,"3,4",,15,1,,1,,1,1,,Geography,2,4,3,3,4,3,3,4,4,4,3,4,4,4,3,4,4,3,3,2,2,2,3,3,2,3,3,3,2,3,3,3,3,3,2,3,3,3,7,5,7,6,6,7,6,6,7,6,4,6,4,4,5,5,5,5,6,5,5,5,5,6,69ed36f0b6e1c65011c5bd75,
27/04/2026 08:35,27/04/2026 08:42,0,100,443,1,27/04/2026 08:42,R_8EGythbTL9LTfW3,,,,,anonymous,EN,6977a47f891c2f3112db706d,teacher,37,1,Germany,1,,"mathematics, informatics, history, politics, geography, oeconomics","3,4",,11,1,,1,,1,2,,geography and oeconomics,2,5,6,6,6,2,2,1,2,1,5,3,4,5,4,3,1,3,3,1,1,2,2,2,1,2,3,4,1,2,4,1,4,2,2,3,3,3,3,1,1,2,9,3,8,4,7,9,3,1,7,7,5,3,7,3,3,2,3,7,2,3,6977a47f891c2f3112db706d,
27/04/2026 08:31,27/04/2026 08:48,0,100,1056,1,27/04/2026 08:48,R_2fDcFXhV1KQYnhr,,,,,anonymous,EN,69ee3ec0e90d4c5d08955f7c,teacher,35,2,England,4,,"Early Years
Speech and Language","1,2",,2,1,,"1,2",,2,5,NVQ,Childcare,2,3,2,2,4,3,4,4,5,4,4,4,5,5,3,3,3,3,4,3,3,3,4,3,2,2,3,3,2,3,1,2,3,3,2,3,4,3,6,7,7,7,6,7,7,5,3,8,4,5,6,6,6,5,5,4,3,5,3,6,6,4,69ee3ec0e90d4c5d08955f7c,
27/04/2026 08:41,27/04/2026 08:49,0,100,481,1,27/04/2026 08:49,R_8IxRDOHv30ilLqk,,,,,anonymous,EN,6983b511690519802248baf8,teacher,32,2,España,3,,Audición y lenguaje,"1,2",,8,1,,"1,2,3,5",,1,2,,Maestra de educación primaria con la mención de Audición y Lenguaje,2,3,3,3,4,3,3,4,3,3,5,5,5,5,4,3,2,3,3,4,2,3,4,3,2,3,3,3,2,2,2,2,3,3,3,3,3,4,8,7,7,7,7,7,8,6,7,9,9,9,7,7,4,3,7,4,6,2,7,7,4,6,6983b511690519802248baf8,
27/04/2026 08:36,27/04/2026 08:50,0,100,816,1,27/04/2026 08:50,R_8g7KxEqWHJKGkvf,,,,,anonymous,EN,69eb52a003ce9f274c89e41b,teacher,51,2,UK,"3,4",,"History, French, PHSE, science, Phonics, PE, Geography.",2,,10,1,,"1,2,3",,2,5,GCSE,Performing arts,1,2,3,2,4,5,4,4,4,5,4,3,4,4,4,5,2,5,3,3,2,2,3,4,1,2,3,4,3,3,3,2,3,4,1,2,4,4,9,8,7,7,8,9,8,7,6,8,6,7,6,7,7,7,7,5,6,7,7,7,7,7,69eb52a003ce9f274c89e41b,
27/04/2026 08:34,27/04/2026 08:50,0,100,975,1,27/04/2026 08:50,R_195GFO9HjpNWnFG,,,,,anonymous,EN,699895da3ed1f0801a650510,teacher,45,2,United States,3,,Vocational Training,"4,5,6",,18,1,,"1,5",,1,2,,Interdisciplinary Studies,2,3,3,3,4,1,5,4,4,5,5,5,5,5,4,4,4,4,3,3,3,3,3,3,4,3,2,3,2,4,3,3,3,2,4,4,3,3,5,5,5,7,7,7,7,8,8,9,8,9,4,4,5,5,4,4,4,5,4,4,4,4,699895da3ed1f0801a650510,
27/04/2026 08:42,27/04/2026 08:51,0,100,528,1,27/04/2026 08:51,R_6CfFnv7g7Gr12qe,,,,,anonymous,EN,69924385130278177eb7e2a6,teacher,34,2,United States of America,1,,"Reading, Writing, Social Studies, Science",2,,9,1,,1,,1,1,,Elementary Education/English,2,4,6,1,6,2,5,4,4,4,3,3,4,4,2,1,1,4,3,2,1,4,3,3,2,4,2,3,2,2,3,3,3,3,2,2,4,4,1,1,1,5,7,5,6,7,8,9,3,8,4,5,6,6,5,5,4,2,7,7,7,6,69924385130278177eb7e2a6,
27/04/2026 08:50,27/04/2026 08:57,0,100,421,1,27/04/2026 08:57,R_5xx88yc4i9MIaid,,,,,anonymous,EN,69eba1a08a194e1ef5e16a2d,teacher,32,1,United States,1,,English/Language Arts,4,,7,1,,1,,1,1,,English/Language Arts,2,2,3,3,4,3,2,2,3,2,4,3,5,5,3,3,2,2,3,2,1,4,3,2,1,2,2,4,2,2,2,2,3,3,2,3,4,4,7,6,7,6,8,8,8,8,7,9,8,7,7,7,7,7,7,4,4,5,5,7,7,4,69eba1a08a194e1ef5e16a2d,
27/04/2026 08:50,27/04/2026 08:58,0,100,504,1,27/04/2026 08:58,R_2rSeVaxfgQr0Tj9,,,,,anonymous,EN,69e68df853f87896c7b43233,teacher,29,1,United Kingdom,1,,English,2,,6,1,,1,,1,1,,History,2,3,3,3,2,2,3,4,3,4,3,3,5,4,4,3,4,4,4,1,3,4,3,3,3,2,4,4,1,1,1,1,3,4,2,2,3,3,7,7,5,8,8,8,7,7,7,8,7,7,5,7,5,3,6,3,5,5,5,6,6,4,69e68df853f87896c7b43233,
27/04/2026 09:00,27/04/2026 09:01,0,100,57,1,27/04/2026 09:01,R_7NyOgbsvSrHKTkn,,,,,anonymous,EN,697c048dfa6d768614669de5,teacher ,,,,,,,,,,,,,,,,,,,,,,,,,,,,,,,,,,,,,,,,,,,,,,,,,,,,,,,,,,,,,,,,,,,,,,,,,,,,,,,,697c048dfa6d768614669de5,
27/04/2026 08:56,27/04/2026 09:02,0,100,328,1,27/04/2026 09:02,R_3sj1dckejoPJ9mU,,,,,anonymous,EN,695faf24c19b8517f8a9bb0e,teacher,28,1,United States,3,,Gifted education,2,,6,1,,3,,2,2,,"Environmental science, elementary education",2,4,4,4,4,2,4,4,2,2,5,4,5,5,3,3,3,2,3,3,3,2,4,2,3,4,3,3,3,2,3,4,3,3,4,3,3,3,7,5,7,7,7,7,6,8,6,7,6,7,5,6,6,6,6,6,6,5,5,6,6,6,695faf24c19b8517f8a9bb0e,
27/04/2026 08:55,27/04/2026 09:02,0,100,447,1,27/04/2026 09:02,R_87JwevK4q0wXCuL,,,,,anonymous,EN,697dcb871f720fee0e39b82e,teacher,35,2,France,1,,French and History ,7,Apprenticeship,9,1,,"1,2,3",,1,2,,History and teaching,2,4,5,5,5,3,4,4,4,3,5,4,4,4,4,3,2,3,3,2,2,3,3,2,1,2,3,3,2,2,1,2,4,4,2,2,4,4,6,6,7,8,7,7,8,8,8,9,4,7,7,7,7,7,7,6,6,7,7,7,7,6,697dcb871f720fee0e39b82e,
27/04/2026 08:54,27/04/2026 09:03,0,100,497,1,27/04/2026 09:03,R_2jYUsHc4gvNrNxS,,,,,anonymous,EN,696fac07d263a91d58e72e1e,teacher,43,2,The Netherlands,6,Adult education teacher,Dutch language to foreigners,6,,8,2,,1,,2,2,,Roman cultures and languages,2,2,2,4,4,1,4,5,4,4,4,3,4,5,4,4,3,4,3,1,1,4,3,2,1,3,1,4,3,4,3,3,4,2,1,4,4,4,5,6,4,7,9,5,7,5,9,9,3,7,7,7,7,7,7,3,2,7,3,7,7,3,696fac07d263a91d58e72e1e,
27/04/2026 09:18,27/04/2026 09:19,0,100,44,1,27/04/2026 09:19,R_17EeM7Hvt0zyNYs,,,,,anonymous,EN,69c3fd8ed9550686402bca0c,69c3fd8ed9550686402bca0c@email.prolific.com,,,,,,,,,,,,,,,,,,,,,,,,,,,,,,,,,,,,,,,,,,,,,,,,,,,,,,,,,,,,,,,,,,,,,,,,,,,,,,,,69c3fd8ed9550686402bca0c,
27/04/2026 09:11,27/04/2026 09:21,0,100,598,1,27/04/2026 09:21,R_2Ldu31Yg1bxKRH6,,,,,anonymous,EN,69eb658a221b95077c1a635b,teacher,46,2,South African ,1,,English and Mathematics ,1,,25,1,,1,,1,1,,Foundation phase ,2,4,3,2,2,3,4,4,4,5,4,4,4,4,3,3,3,4,3,2,2,2,2,3,2,3,2,3,3,3,3,3,3,3,2,3,3,3,8,9,9,9,9,9,8,9,9,9,9,9,5,5,7,6,6,4,5,6,5,4,5,4,69eb658a221b95077c1a635b,
27/04/2026 08:55,27/04/2026 09:21,0,100,1542,1,27/04/2026 09:21,R_2BUk0RuXslV08Jr,,,,,anonymous,EN,698236b372edd40ee2f57ea5,teacher,46,1,Egypt,"1,2",,Arabic ,"2,3,4,5",,22,1,,"1,4",,1,1,,Arabic literature ,2,2,2,2,2,3,4,3,4,4,5,4,5,5,4,4,3,3,3,3,2,3,3,4,4,3,3,3,2,3,3,2,3,4,2,3,3,3,8,7,7,8,8,8,7,7,7,8,7,8,4,5,5,5,3,4,5,5,5,4,5,5,698236b372edd40ee2f57ea5,
27/04/2026 09:15,27/04/2026 09:23,0,100,473,1,27/04/2026 09:23,R_8fdfPpr4qzZ1VZp,,,,,anonymous,EN,69ea11774459e6b26a4a86be,teacher,32,2,united kingdom,"1,3,5",,Special needs,"1,2",,11,1,,"1,3,5",,3,2,,education management ,2,2,2,2,4,3,4,3,3,2,4,5,5,5,4,4,4,4,3,2,2,4,3,3,2,2,3,2,1,3,3,2,3,3,1,3,3,3,6,8,8,8,8,7,8,8,8,8,8,9,7,7,7,7,7,5,4,7,6,7,7,6,69ea11774459e6b26a4a86be,
27/04/2026 09:14,27/04/2026 09:23,0,100,519,1,27/04/2026 09:23,R_4w5NuKA9tXoBt8Z,,,,,anonymous,EN,698188ec6b4103561a0f6bc5,teacher,32,2,UAE,6,Learning Support Assistant ,None ,"2,3",,7,1,,"1,2,4",,1,1,,BS in Information Technology ,2,4,5,4,3,4,3,1,2,3,4,3,3,4,1,2,3,3,3,3,2,2,2,2,2,3,2,4,3,3,4,2,2,3,2,2,3,3,3,7,5,6,8,5,7,6,6,9,9,9,5,4,4,4,4,4,4,4,4,5,5,4,698188ec6b4103561a0f6bc5,
27/04/2026 09:10,27/04/2026 09:23,0,100,801,1,27/04/2026 09:23,R_7GqysHOyudTh2tv,,,,,anonymous,EN,697ca22627c8aab6df048685,teacher,63,1,United States,"1,5",,Math Vocational Education,"3,4,6",,35,2,,"1,5",,2,3,,Secondary Education Math Educational Leadership,2,2,2,2,3,2,4,4,4,4,5,4,4,4,4,4,4,4,4,1,1,4,4,4,1,1,4,4,1,1,1,1,4,4,4,1,4,4,7,9,8,7,9,9,8,8,8,8,8,8,7,7,6,6,7,6,6,6,6,7,6,6,697ca22627c8aab6df048685,
27/04/2026 09:05,27/04/2026 09:27,0,100,1345,1,27/04/2026 09:27,R_53xbI2bfPO50Rab,,,,,anonymous,EN,69a9f2367f7f2834039b49da,teacher,39,1,UAE,1,,English ,6,,5,2,,1,,2,3,,Education _ English language ,2,4,3,3,2,5,4,3,4,4,4,3,4,4,4,4,3,4,3,2,1,2,4,4,2,1,3,4,2,2,2,1,3,4,3,1,4,3,5,9,5,8,7,6,8,6,6,8,6,7,6,7,7,7,7,6,5,6,7,7,6,7,69a9f2367f7f2834039b49da,
27/04/2026 09:21,27/04/2026 09:29,0,100,449,1,27/04/2026 09:29,R_7TvjRHyqkEsZHOQ,,,,,anonymous,EN,69e1275da4f2f9505df37b27,teacher,49,1,United States,1,,math,3,,24,1,,1,,2,1,,education,2,3,3,4,3,3,3,4,4,4,3,4,3,4,3,4,2,3,3,2,2,3,4,4,2,2,4,4,2,2,2,3,3,3,2,3,4,4,6,7,7,5,7,8,6,7,8,8,5,7,6,6,5,5,6,5,5,5,6,6,4,5,69e1275da4f2f9505df37b27,
27/04/2026 09:23,27/04/2026 09:29,0,100,379,1,27/04/2026 09:29,R_80utQjz5zCDgzQU,,,,,anonymous,EN,696dffe2743963cdce54128c,teacher,33,1,FRANCE,1,,HISTORY,6,,9,3,,1,,1,2,,anthropology,2,3,4,4,5,5,3,2,3,3,3,3,3,2,2,2,4,4,3,4,3,2,3,2,2,3,3,4,3,2,3,3,3,3,3,3,3,3,7,5,5,5,6,7,6,7,6,6,4,5,5,5,5,6,5,5,5,5,6,6,6,6,696dffe2743963cdce54128c,
27/04/2026 09:16,27/04/2026 09:31,0,100,937,1,27/04/2026 09:31,R_2ZCG7vSKhh9inRv,,,,,anonymous,EN,69ea98690c5b8dcdd6ca3109,teacher,32,2,United Kingdom,1,,All,2,,10,1,,1,,1,1,,Education ,2,4,6,3,6,5,3,2,2,2,4,4,3,3,2,3,2,2,2,3,4,3,3,2,3,3,4,3,3,3,3,3,2,2,3,4,3,3,5,5,5,5,5,7,5,5,5,7,3,6,1,2,1,1,1,2,3,1,2,3,1,3,69ea98690c5b8dcdd6ca3109,
27/04/2026 09:16,27/04/2026 09:32,0,100,959,1,27/04/2026 09:32,R_4roplegFscZMBjk,,,,,anonymous,EN,69ef415c0013b7e0d7c86ec0,teacher,41,1,Indonesia,2,,English,3,,5,2,,1,,1,1,,Accounting,1,2,3,2,2,2,2,2,4,4,4,4,4,3,4,4,4,4,2,4,3,3,2,2,4,3,2,2,4,4,4,2,3,4,2,4,2,2,7,7,6,7,8,5,6,7,4,8,5,6,7,7,7,6,7,4,6,6,7,7,6,6,69ef415c0013b7e0d7c86ec0,
27/04/2026 09:37,27/04/2026 09:38,0,100,47,1,27/04/2026 09:38,R_20uSNUAvyl00ebL,,,,,anonymous,EN,69cb90f15e2e2eb2dd0d4b9e,Teacher ,,,,,,,,,,,,,,,,,,,,,,,,,,,,,,,,,,,,,,,,,,,,,,,,,,,,,,,,,,,,,,,,,,,,,,,,,,,,,,,,69cb90f15e2e2eb2dd0d4b9e,
27/04/2026 09:32,27/04/2026 09:42,0,100,572,1,27/04/2026 09:42,R_6WYn80rHzdni7F0,,,,,anonymous,EN,696966f72b2437f9ff11f10c,teacher,39,2,United States,1,,Preschool,"1,2",,17,1,,1,,1,2,,Early childhood and intervention specialist ,2,3,4,3,5,2,4,4,4,4,5,4,5,5,4,4,4,4,4,1,1,4,4,4,1,1,3,4,3,1,1,1,4,4,1,1,4,4,8,7,7,7,8,7,8,8,6,8,7,9,7,7,7,7,7,7,7,7,7,7,7,7,696966f72b2437f9ff11f10c,
27/04/2026 09:42,27/04/2026 09:43,0,100,80,1,27/04/2026 09:43,R_7PjKoC3nE2eoztk,,,,,anonymous,EN,69defdb897bc18f6a966b6bc,Teacher,,,,,,,,,,,,,,,,,,,,,,,,,,,,,,,,,,,,,,,,,,,,,,,,,,,,,,,,,,,,,,,,,,,,,,,,,,,,,,,,69defdb897bc18f6a966b6bc,
27/04/2026 09:52,27/04/2026 09:58,0,100,360,1,27/04/2026 09:58,R_5FIQbPCnCHQqwNz,,,,,anonymous,EN,69e00efdf73479501a19ff6a,teacher,28,1,Canada,4,,Finance,6,,5,3,,"1,2,4",,3,2,,Finance,2,3,4,3,5,5,2,2,4,3,4,3,2,3,4,4,2,2,3,2,2,3,2,3,3,2,1,2,3,4,4,4,3,4,3,3,3,2,3,3,3,2,5,7,5,7,9,5,1,5,7,7,2,2,7,7,6,2,7,7,2,7,69e00efdf73479501a19ff6a,
27/04/2026 09:23,27/04/2026 10:03,0,100,2391,1,27/04/2026 10:03,R_1Yr9HVn3XKM93Gx,,,,,anonymous,EN,6981f4b660b5709cee115e0b,teacher,34,1,Brazil,"1,2,6",Online teaching,Languages (Portuguese and English),5,,15,4,,"2,4",,1,2,,Languages and Instructional Design,2,4,3,6,6,5,1,1,1,1,1,4,5,5,2,2,1,1,4,3,3,2,1,2,3,3,2,4,4,2,1,2,1,4,3,4,3,3,1,9,9,9,7,6,9,9,6,8,6,9,1,6,2,1,6,5,4,1,6,4,2,5,6981f4b660b5709cee115e0b,
27/04/2026 09:43,27/04/2026 10:06,0,100,1357,1,27/04/2026 10:06,R_2cEDYpzFQlKMxEt,,,,,anonymous,EN,697909ad8f953bc0b8db821c,teacher,31,2,Poland,"2,3",,percussion,"1,2",,10,1,,"2,3",,2,2,,Academy of Music in Wroclaw,2,2,3,2,4,1,4,5,5,4,4,4,5,5,4,5,5,4,3,2,3,3,3,3,1,1,2,3,2,3,2,2,2,3,1,2,4,4,8,7,8,8,7,7,8,7,6,7,6,8,5,6,5,5,6,7,7,5,6,7,7,7,697909ad8f953bc0b8db821c,
27/04/2026 09:55,27/04/2026 10:08,0,100,813,1,27/04/2026 10:08,R_9OoV5GsLm1wmaSL,,,,,anonymous,EN,6983708c18347e6e9f625887,teacher,29,2,UAE,3,,"Science 
Maths
English ",7,Bachelors in Educational Psychology ,7,1,,2,,1,1,,Educational Psychology,2,2,3,1,2,2,5,4,5,5,5,5,5,5,4,5,4,4,3,1,1,2,4,4,1,1,4,4,2,1,2,1,4,4,3,1,4,4,9,9,9,9,9,9,9,9,9,9,9,9,6,7,7,7,7,7,7,4,7,7,4,7,6983708c18347e6e9f625887,
27/04/2026 10:07,27/04/2026 10:13,0,100,358,1,27/04/2026 10:13,R_5Hf2JLb8sA1u0Rr,,,,,anonymous,EN,69e4063b9d47e615d9c559c5,teacher,35,2,United States,1,,"English, English as a second language ",1,,10,1,,"1,3",,1,2,,Teaching English to speakers of other langages,2,3,4,3,4,3,2,3,4,2,4,4,4,4,4,4,2,4,4,3,3,4,3,3,3,3,4,3,3,2,3,3,4,3,4,3,3,3,7,7,6,7,7,7,7,6,5,7,6,7,5,5,4,5,5,5,5,5,5,5,5,5,69e4063b9d47e615d9c559c5,
27/04/2026 10:13,27/04/2026 10:19,0,100,325,1,27/04/2026 10:19,R_2qELbpWYLG7TnWj,,,,,anonymous,EN,69caceef445defe1dd3c25ac,teacher,35,2,France ,1,,German,3,,11,1,,1,,1,2,,German,2,3,3,3,4,3,4,4,4,3,4,2,4,4,4,4,4,4,3,3,2,4,3,3,1,1,2,4,2,1,1,2,3,3,2,2,4,4,3,5,3,6,7,5,6,5,6,7,5,8,6,6,4,4,5,3,4,5,4,6,5,4,69caceef445defe1dd3c25ac,
27/04/2026 10:13,27/04/2026 10:20,0,100,462,1,27/04/2026 10:20,R_7YhsLe63SuYezq9,,,,,anonymous,EN,6989f01e85ed4cec632af20e,teacher,54,2,United States,1,,Social Studies and Science ,2,,31,1,,1,,1,2,,"Elementary Education 1-8
Administration/ Leadership ",2,2,2,2,2,2,4,4,4,4,5,5,5,5,5,5,5,5,4,1,1,4,4,4,1,1,4,4,1,2,1,1,4,4,1,2,4,4,7,5,7,7,9,7,7,9,9,9,9,9,7,7,7,7,7,7,7,7,7,7,7,7,6989f01e85ed4cec632af20e,
27/04/2026 10:15,27/04/2026 10:23,0,100,438,1,27/04/2026 10:23,R_2tx8ctX471vTVFG,,,,,anonymous,EN,69e9e18065f18503ea9c2bd4,teacher,35,2,United Kingdom,"1,2,6",Head of year,PE and Art,"3,4",,13,1,,"1,3",,1,1,,Physical education ,2,3,4,3,5,5,3,4,2,2,4,4,4,4,2,2,2,2,2,2,3,3,4,3,3,3,3,3,3,3,3,3,3,3,2,2,4,4,7,6,7,6,5,6,6,7,5,7,5,5,6,6,6,6,6,5,5,6,6,6,6,6,69e9e18065f18503ea9c2bd4,
27/04/2026 10:18,27/04/2026 10:23,0,100,274,1,27/04/2026 10:23,R_5LZtYHgA9nA63nW,,,,,anonymous,EN,69c187c336c6c40ef47a37bb,teacher,28,2,USA,1,,All core subjects ,2,,6,1,,"1,3",,1,2,,Human development & family studies / masters of art in teaching,2,3,5,6,5,5,5,5,5,5,4,3,4,5,3,4,4,2,3,2,2,4,4,3,1,1,3,4,2,2,2,2,4,4,2,3,4,4,5,5,5,6,9,5,5,7,8,8,8,5,6,7,7,7,7,7,7,7,7,7,7,7,69c187c336c6c40ef47a37bb,
27/04/2026 10:15,27/04/2026 10:26,0,100,682,1,27/04/2026 10:26,R_2PALNi23yRnlivA,,,,,anonymous,EN,697a6acd1291711754f40ac4,teacher,31,2,Spain,1,,English as a foreign language,"3,4,5",,5,1,,"1,2,3,4",,1,2,,Translation and Interpreting,2,2,3,3,4,2,4,4,4,4,3,3,3,3,3,4,3,4,3,2,2,3,2,3,2,2,2,3,2,2,2,2,3,3,2,2,3,3,4,5,4,5,5,3,6,5,6,5,3,4,7,7,7,7,7,6,7,7,6,7,7,6,697a6acd1291711754f40ac4,
27/04/2026 10:14,27/04/2026 10:27,0,100,735,1,27/04/2026 10:27,R_5pnEtDxVAcNxKGG,,,,,anonymous,EN,696ba6c0afb380b690d9d73c,teacher,28,2,Canada,2,,Physical education,2,,5,2,,1,,1,2,,Physical education and kinesiology,2,2,2,2,3,2,4,4,4,4,4,4,4,5,4,4,4,4,3,2,2,4,4,3,1,1,4,4,1,1,1,1,4,4,1,1,4,4,7,8,7,7,6,7,8,7,8,8,7,9,6,6,6,6,6,6,6,7,6,6,6,6,696ba6c0afb380b690d9d73c,
27/04/2026 10:19,27/04/2026 10:29,0,100,597,1,27/04/2026 10:29,R_6soNXjYmFCces9z,,,,,anonymous,EN,69a8642df2fa0b5b1827b598,teacher,42,2,United States,4,,"Writing, Science ","3,4",,12,1,,"1,2",,1,1,,Early childhood ,3,4,5,4,6,5,3,3,2,2,4,4,4,4,3,3,3,3,3,3,2,3,3,2,3,2,3,3,2,2,3,2,3,2,3,3,3,3,5,4,5,6,5,6,5,6,6,6,4,5,5,6,5,5,5,5,4,5,4,5,5,4,69a8642df2fa0b5b1827b598,
27/04/2026 10:22,27/04/2026 10:31,0,100,562,1,27/04/2026 10:31,R_6dyEJ4IkoRqqUph,,,,,anonymous,EN,6994625b36e05aa72306754b,teacher,41,2,United States,1,,FCS,"3,4",,17,1,,1,,1,2,,"elementary education
curriculum and instruction
FCS",2,2,3,2,3,2,4,5,4,4,4,5,4,4,3,4,2,3,3,1,1,2,3,4,1,2,3,3,1,2,1,2,3,3,1,1,4,4,7,5,4,6,7,6,7,8,6,7,5,7,6,7,7,6,6,7,5,6,7,6,7,7,6994625b36e05aa72306754b,
27/04/2026 10:26,27/04/2026 10:34,0,100,469,1,27/04/2026 10:34,R_5gPtrHkQnFrFUjf,,,,,anonymous,EN,69e1031afb9986e098a2c953,teacher,37,2,USA,"1,2",,ELA and Social Studies,4,,15,1,,"1,3",,1,2,,I have taught ELA for over 12 years. I have also taught writing and social studies. I have a bachelors and masters degree in education. ,2,2,4,3,4,4,4,5,5,5,4,3,4,4,2,2,3,3,3,2,3,3,2,3,3,3,3,3,3,2,3,3,3,2,1,1,3,3,5,5,3,3,7,2,5,8,6,8,5,7,1,6,7,5,5,7,4,4,4,5,4,4,69e1031afb9986e098a2c953,
27/04/2026 10:37,27/04/2026 10:46,0,100,532,1,27/04/2026 10:46,R_5t3hzDM1Wko30fF,,,,,anonymous,EN,69a9f43fe73fe41e69252803,teacher,36,2,Canada,"1,2",,English,3,,7,1,,"1,2,3",,1,4,,"English, Education",2,2,2,3,2,3,4,4,4,4,5,4,4,5,5,5,4,5,4,1,1,4,4,3,1,2,3,4,1,1,1,1,4,3,1,2,4,4,7,5,6,5,9,8,6,9,9,9,6,9,7,7,7,7,7,7,7,7,7,7,6,7,69a9f43fe73fe41e69252803,
27/04/2026 10:42,27/04/2026 10:47,0,100,322,1,27/04/2026 10:47,R_7KxSYe0pZCekp4f,,,,,anonymous,EN,69db924603d9c88b9845fb81,teacher,36,1,United States,5,,Social Sciences,"3,4",,13,1,,1,,4,2,,Teaching/ Histori,2,2,3,2,3,2,5,5,5,5,5,5,5,5,4,5,2,4,4,1,1,4,4,4,1,4,4,4,1,1,1,1,4,4,1,1,4,4,7,7,7,7,9,7,7,8,8,6,7,9,7,7,7,7,7,7,7,7,7,7,7,7,69db924603d9c88b9845fb81,
28/04/2026 06:41,28/04/2026 06:47,0,100,338,1,28/04/2026 06:47,R_45wyIJTwZbkvkS5,,,,,anonymous,EN,69ef2e32d0305f3a6df539ae,teacher,27,2,Indonesia,"1,2",,English,2,,6,3,,1,,1,1,,English Education,2,2,1,2,2,2,4,2,4,3,4,5,5,5,4,4,3,4,3,3,3,2,1,3,4,4,1,4,4,2,4,4,2,4,2,4,3,3,7,7,9,9,7,9,9,6,9,7,5,9,4,6,7,7,5,4,4,7,4,3,7,4,69ef2e32d0305f3a6df539ae,
28/04/2026 06:39,28/04/2026 06:51,0,100,719,1,28/04/2026 06:51,R_9YD6EcELitEdKJ0,,,,,anonymous,EN,699af8fd0291c617351ec60d,teacher,40,1,Japan,"1,2",,English,"3,4",,14,1,,1,,1,2,,"language teaching, second language acquisition",2,2,2,2,3,4,3,4,3,3,4,4,3,2,2,2,2,3,3,2,2,3,3,3,2,3,2,3,2,3,3,2,3,3,2,4,3,3,7,6,8,5,5,7,6,8,4,3,4,3,3,3,5,2,3,4,3,2,5,1,3,6,699af8fd0291c617351ec60d,
28/04/2026 06:50,28/04/2026 06:51,0,100,68,1,28/04/2026 06:51,R_8e2EetMSRcpHQt6,,,,,anonymous,EN,69de2f26f568a476fa9a41d9,lehrer,,,,,,,,,,,,,,,,,,,,,,,,,,,,,,,,,,,,,,,,,,,,,,,,,,,,,,,,,,,,,,,,,,,,,,,,,,,,,,,,69de2f26f568a476fa9a41d9,
28/04/2026 06:44,28/04/2026 06:55,0,100,634,1,28/04/2026 06:55,R_89cAbD4EWQwDFPL,,,,,anonymous,EN,69b33b4eddf35cac879215a3,teacher,46,1,Belgium,1,,French,3,,5,1,,"1,2",,1,1,,educational bachelor studies and bachelor French teaching,2,5,4,3,4,2,3,4,4,5,4,4,4,5,5,4,3,4,3,4,3,2,3,2,3,4,3,3,3,2,3,3,2,3,3,3,3,3,7,6,7,5,6,7,6,6,7,8,8,5,4,4,5,4,5,5,5,4,5,5,4,5,69b33b4eddf35cac879215a3,
28/04/2026 06:47,28/04/2026 07:01,0,100,826,1,28/04/2026 07:01,R_10Jjp6tPHenoABm,,,,,anonymous,EN,69e2299d357a9e25d8750c0d,teacher,47,2,Canada,3,,"English, ESL, and history.",3,,10,2,,"2,3,4",,2,1,,History and Italian.,2,4,3,4,4,3,4,4,2,2,5,4,5,5,4,4,1,4,4,2,3,3,2,3,2,2,4,3,3,4,4,2,4,4,1,2,4,4,8,7,8,9,9,8,9,9,8,9,3,7,7,7,2,2,7,5,5,1,6,7,2,6,69e2299d357a9e25d8750c0d,
28/04/2026 06:59,28/04/2026 07:05,0,100,338,1,28/04/2026 07:05,R_27D2M1yV3dm49sW,,,,,anonymous,EN,69b49ef73d4b1b5bf3792203,teacher,39,2,Germany,"1,2,5",,English,"2,3,4,5,6",,14,4,,"1,2,3,4",,1,2,,History and Humanities ,1,3,3,3,2,2,3,3,3,3,5,5,5,5,5,5,5,5,4,1,3,4,4,4,2,2,4,4,2,2,2,2,4,4,1,1,4,4,8,7,7,8,8,8,8,8,8,8,9,9,7,7,7,7,7,7,4,7,4,7,7,4,69b49ef73d4b1b5bf3792203,
28/04/2026 06:57,28/04/2026 07:13,0,100,950,1,28/04/2026 07:13,R_22zssK6Likg2Dfe,,,,,anonymous,EN,6960dbb83535ba21a00d59e2,teacher,57,2,United Kingdom,6,private tutor,Chinese,"1,2,3,4,5,6",,15,4,,"2,3,4",,1,1,,Chinese literature and language,2,3,3,3,4,4,3,4,4,4,5,5,5,5,4,4,4,3,4,4,3,2,3,3,2,2,3,4,2,2,1,3,3,3,3,2,4,3,5,7,8,7,7,7,8,7,7,8,7,8,3,5,5,5,5,6,6,6,7,6,5,6,6960dbb83535ba21a00d59e2,
28/04/2026 07:09,28/04/2026 07:17,0,100,478,1,28/04/2026 07:17,R_3qqkKU8KqQiKuA5,,,,,anonymous,EN,696953588a371f3d6fb1342f,teacher,38,2,United States,1,,"Language Arts, Math, Science, Social Studies",2,,15,1,,"1,3",,1,1,,Elementary Education,2,2,3,2,4,2,4,5,4,4,4,4,4,5,4,4,4,5,3,3,2,3,3,4,1,2,2,4,2,2,1,2,3,3,2,2,4,4,5,6,6,7,7,6,7,7,8,8,7,8,6,6,6,6,7,6,6,5,6,7,6,6,696953588a371f3d6fb1342f,
28/04/2026 07:15,28/04/2026 07:21,0,100,376,1,28/04/2026 07:21,R_8o1ot5RNjPmbgOJ,,,,,anonymous,EN,629f88c9ab5f85603857f5bb,teacher,57,1,UK,"1,4",,"Art, Music, Science","3,4,5",,26,2,,"1,2,3,4",,2,1,,Working artist with a degree in ceramic sculpture and a HND in 3d design,2,2,3,2,1,1,1,1,1,1,2,2,2,2,1,1,2,1,4,1,1,4,4,4,1,1,3,4,1,2,1,1,4,4,1,1,4,4,8,6,8,8,9,8,8,8,7,9,8,9,7,7,6,6,7,7,7,7,7,7,6,7,629f88c9ab5f85603857f5bb,
28/04/2026 07:19,28/04/2026 07:25,0,100,359,1,28/04/2026 07:25,R_25hCRrmelAuf5q9,,,,,anonymous,EN,69dbc5a35ef47c98ef3af53b,teacher,42,1,USA,1,,English,4,,8,1,,1,,1,1,,English,2,4,3,5,3,3,1,2,4,4,3,1,2,2,1,2,1,1,2,3,2,2,3,2,3,3,2,3,3,2,3,3,3,3,4,3,3,3,7,2,9,2,6,3,3,4,4,7,5,6,4,5,2,2,5,3,4,2,4,6,3,5,69dbc5a35ef47c98ef3af53b,
28/04/2026 07:10,28/04/2026 07:29,0,100,1142,1,28/04/2026 07:29,R_2BzEdaiwHGOTV6N,,,,,anonymous,EN,69f0663edde263576876afd9,teacher,38,1,Germany,"1,2",,English,"3,4",,10 years,2,,"1,2",,2,2,,Master of Education,2,3,3,3,4,2,3,3,4,3,4,3,4,4,3,4,3,4,3,2,2,3,3,2,2,3,3,2,1,2,2,1,3,3,1,2,2,3,7,7,5,5,6,7,7,6,5,5,1,6,1,5,2,2,3,3,5,5,3,3,3,5,69f0663edde263576876afd9,
28/04/2026 07:35,28/04/2026 07:36,0,100,32,1,28/04/2026 07:36,R_3rqOxFpxyr11C7s,,,,,anonymous,EN,69d31a0f76343a29c60d08be,teacher ,,,,,,,,,,,,,,,,,,,,,,,,,,,,,,,,,,,,,,,,,,,,,,,,,,,,,,,,,,,,,,,,,,,,,,,,,,,,,,,,69d31a0f76343a29c60d08be,
28/04/2026 07:40,28/04/2026 07:41,0,100,63,1,28/04/2026 07:41,R_1N8cRbIPiNM6oTL,,,,,anonymous,EN,697a6cf66b06bfe54c70b715,Teacher ,,,,,,,,,,,,,,,,,,,,,,,,,,,,,,,,,,,,,,,,,,,,,,,,,,,,,,,,,,,,,,,,,,,,,,,,,,,,,,,,697a6cf66b06bfe54c70b715,
28/04/2026 07:32,28/04/2026 07:42,0,100,554,1,28/04/2026 07:42,R_5QrU08zWCTQz2nM,,,,,anonymous,EN,692f6d8e88fc87dfbcd51a08,teacher,28,1,Canada,4,,Anthropology ,6,,5,3,,"1,4",,3,2,,Anthropology ,2,4,4,3,3,5,3,4,4,4,4,4,3,4,3,4,4,3,3,2,2,3,3,3,2,3,3,3,2,2,3,3,3,2,3,3,3,2,7,5,7,7,8,5,7,6,6,7,4,7,7,7,7,7,7,5,4,7,6,7,7,2,692f6d8e88fc87dfbcd51a08,
28/04/2026 07:43,28/04/2026 07:49,0,100,358,1,28/04/2026 07:49,R_7foU4Qj8TzPGCpV,,,,,anonymous,EN,69e0569ededba7934837e12a,teacher,44,2,United States ,1,,All,"1,2",,16,1,,1,,1,2,,Early childhood education,2,2,3,2,2,2,5,5,5,5,5,5,5,5,4,3,4,4,4,1,1,4,4,4,1,1,4,4,1,1,1,1,4,4,4,1,4,4,7,7,7,7,7,8,8,9,9,9,8,9,7,7,7,7,7,7,7,7,7,7,7,7,69e0569ededba7934837e12a,
28/04/2026 07:44,28/04/2026 07:50,0,100,360,1,28/04/2026 07:50,R_9KPKRxKyDEkhTAY,,,,,anonymous,EN,6978157312115c97017d68b7,teacher,33,1,Australia,1,,Humanities,"3,4",,5,2,,1,,2,2,,History,2,3,4,5,6,4,3,3,4,4,3,2,1,3,2,2,1,2,3,2,1,4,2,3,1,4,2,3,3,3,4,3,3,4,3,3,2,2,5,2,6,2,1,5,3,6,7,7,4,3,7,6,7,5,6,4,4,4,4,7,6,5,6978157312115c97017d68b7,
28/04/2026 07:46,28/04/2026 07:54,0,100,447,1,28/04/2026 07:54,R_4rBpy58py4g6Vtm,,,,,anonymous,EN,69ed5992e84af6c64585b684,teacher,39,2,Australia ,1,,Italian ,"3,4",,10,1,,1,,1,2,,"Teaching/languages
",2,3,3,3,3,2,4,4,4,4,4,4,4,4,4,4,2,4,4,3,2,4,4,3,2,3,4,4,2,2,3,2,4,3,1,2,4,4,6,5,5,5,6,7,5,6,6,7,5,6,5,6,5,4,6,5,5,5,6,6,5,6,69ed5992e84af6c64585b684,
28/04/2026 07:45,28/04/2026 08:02,0,100,1033,1,28/04/2026 08:02,R_9tUfNGbK6suSFEd,,,,,anonymous,EN,69897baf3c52e6ec0d06a916,teacher,31,2,Vietnam,1,,English as a second language (ESL),"3,4",,10,4,,"1,2,3",,2,1,,English language,2,3,3,3,3,3,3,2,3,3,4,4,4,4,4,4,4,4,3,3,3,3,3,2,1,4,3,3,2,1,3,1,3,3,2,3,3,3,8,7,8,7,7,7,7,6,7,8,7,7,5,5,5,4,5,4,4,4,5,5,4,4,69897baf3c52e6ec0d06a916,
28/04/2026 08:24,28/04/2026 08:26,0,100,74,1,28/04/2026 08:26,R_8yLppIgYKuXdd9D,,,,,anonymous,EN,697b4ab1a948417f1639838f,teacher ,,,,,,,,,,,,,,,,,,,,,,,,,,,,,,,,,,,,,,,,,,,,,,,,,,,,,,,,,,,,,,,,,,,,,,,,,,,,,,,,697b4ab1a948417f1639838f,
28/04/2026 08:19,28/04/2026 08:58,0,100,2291,1,28/04/2026 08:58,R_7tZTbaZBxvlfUgp,,,,,anonymous,EN,6984095537130a31729fbc57,teacher,58,2,Mexico,"1,2,4,5,6",INTERVIEW NEW TEACHERS,ENGLISH,"1,2,3,4,5,6,7",ON LINE CLASSES,20 YEARS,1,,"1,2,3,4,5",,1,2,,"I STARTED LEARNING THE LANGUAGE IN KINDERGARTEN AND  LATER THROUGHOUT MY ACADEMIC  TRAINING I CHOSE  A DEGREE  IN ENGLISH WITH MULTIPE   ENGLIS COURSES
HOW TO WORK WITH MORE THA 25 EDITORIALS, HOW TO TEACH ADULTS, TEENAGERS, KIDS, BEGGINERS, OR ADVANCED GROUPS  ONLINE AND  IN PERSON
I HAVE BEEN CORDINATOR
",2,2,3,2,2,1,5,5,5,5,5,5,5,5,5,5,5,5,4,2,1,4,4,4,1,1,4,4,1,1,2,2,4,4,3,1,4,4,9,9,9,9,9,9,9,9,9,9,9,9,7,7,7,7,7,7,7,7,7,7,7,7,6984095537130a31729fbc57,
28/04/2026 08:58,28/04/2026 09:08,0,100,552,1,28/04/2026 09:08,R_6QhjfEWTv1Y9Tby,,,,,anonymous,EN,69c7c6ca8d441399b033f18b,teacher,39,2,United States,"1,3",,"ELA, Math, Science, Social Studies ","2,3,4",,17,1,,"1,3",,1,5,Ed.S. (Education Specialist),"English, Elementary Education, Special Education (Emotional and Behavioral Disabilities), Administration and Supervision ",2,3,4,4,5,4,2,4,4,4,4,4,4,4,4,4,3,3,3,3,2,3,4,3,1,2,3,4,3,2,3,2,4,4,2,2,4,4,9,7,9,6,7,8,7,9,5,6,5,7,3,2,5,3,3,7,7,2,7,2,4,7,69c7c6ca8d441399b033f18b,
28/04/2026 08:57,28/04/2026 09:08,0,100,620,1,28/04/2026 09:08,R_34oYclLTiwQW9Ks,,,,,anonymous,EN,69bcd86ba07c55e32d97689c,teacher,32,2,Canada,"3,4",,"English, Math, Science ","2,3",,6,1,,"1,2,3",,2,2,,Educational Psychology ,1,2,3,2,2,4,4,4,4,4,4,3,4,5,4,3,2,2,3,3,2,3,2,2,3,3,2,2,3,4,4,3,4,1,2,3,3,3,7,7,7,3,5,6,5,5,5,9,8,7,7,7,7,7,7,5,5,7,6,7,5,5,69bcd86ba07c55e32d97689c,
28/04/2026 09:02,28/04/2026 09:09,0,100,400,1,28/04/2026 09:09,R_87rllTJfAPpTaKS,,,,,anonymous,EN,6931e9a5085e8af8a1c336cb,teacher,41,1,Poland,"1,2",,English Language,2,,20,2,,1,,2,2,,University,2,3,4,3,3,4,1,2,2,2,2,3,3,3,3,3,3,2,3,3,3,2,2,2,3,3,2,3,3,3,2,2,2,2,3,2,2,3,3,3,2,4,3,4,3,3,3,3,3,3,3,3,2,3,3,3,2,4,3,3,3,2,6931e9a5085e8af8a1c336cb,
28/04/2026 09:00,28/04/2026 09:09,0,100,532,1,28/04/2026 09:09,R_2dlVIsKh4uDpCM3,,,,,anonymous,EN,69edccc41e01b8ff33ed0e2e,teacher,55,2,United Kingdom,3,,All - primary teacher,"1,2",,27,1,,"1,3",,1,4,,Primary education,2,5,4,3,5,3,1,2,2,2,5,4,4,4,4,2,2,2,3,3,2,3,4,4,2,2,3,4,3,2,3,3,3,3,2,3,4,3,7,9,8,7,8,7,7,8,8,8,8,8,3,5,5,6,3,3,5,4,2,6,4,5,69edccc41e01b8ff33ed0e2e,
28/04/2026 09:04,28/04/2026 09:10,0,100,374,1,28/04/2026 09:10,R_1EZHe1xyIMemP8P,,,,,anonymous,EN,69b8098dbc77ee446fbd651f,teacher,41,1,USA,"1,2",,Reading/Math/English,"2,3",,14,1,,"1,2,3",,1,2,,"English Literature / Elementary, MS Teaching",2,5,3,5,6,5,2,4,4,2,4,4,4,5,2,2,2,1,2,4,3,2,1,1,4,4,1,3,1,1,3,4,2,3,4,4,3,2,7,5,8,6,8,7,6,8,9,8,5,6,2,5,6,3,5,2,2,2,2,5,5,2,69b8098dbc77ee446fbd651f,
28/04/2026 09:04,28/04/2026 09:11,0,100,444,1,28/04/2026 09:11,R_3xQ5vznD53NIlik,,,,,anonymous,EN,69bfb254b4b396ab17d9bb1d,teacher,57,1,Canafa,3,,"Physics, calculus ",4,,12,2,,2,,2,2,,Physics,1,3,2,3,4,2,4,5,5,5,5,4,5,5,5,5,4,4,3,2,2,4,4,3,2,3,2,4,2,1,2,3,3,3,2,2,3,3,7,7,7,6,8,8,8,9,8,9,9,9,4,4,5,6,4,5,5,4,5,4,5,5,69bfb254b4b396ab17d9bb1d,
28/04/2026 09:02,28/04/2026 09:16,0,100,811,1,28/04/2026 09:16,R_7P0GZbQz7rs0Gzi,,,,,anonymous,EN,69d4302d0462d133483c753b,teacher,36,2,USA,1,,Science ,3,,9,1,,"1,3,5",,1,1,,Science education ,2,3,3,4,6,3,5,4,4,4,5,4,4,5,3,4,2,2,2,4,3,3,1,2,4,3,4,3,3,4,3,3,2,3,4,4,2,2,9,6,6,7,9,8,7,9,9,8,7,8,7,7,6,5,7,7,7,5,7,7,6,7,69d4302d0462d133483c753b,
28/04/2026 09:06,28/04/2026 09:23,0,100,1011,1,28/04/2026 09:23,R_6HF9kDwmnXqkQen,,,,,anonymous,EN,69826e91ce7b6598df04d4da,teacher,34,1,Brazil,3,,"Math, Biology",4,,6,4,,2,,2,1,,Pharmaceutical,1,3,3,3,4,3,3,3,3,3,4,4,4,4,4,4,3,3,3,2,2,2,3,3,2,2,2,3,2,2,3,2,3,3,3,3,3,3,5,7,5,7,7,7,7,5,5,5,7,5,4,7,7,7,7,7,7,7,7,7,7,7,69826e91ce7b6598df04d4da,
28/04/2026 09:18,28/04/2026 09:25,0,100,412,1,28/04/2026 09:25,R_7P14H40YPiDMyU9,,,,,anonymous,EN,69e281b4f3e8645fbe642f08,teacher,52,2,United States,5,,All subjects,2,,25,1,,1,,1,2,,Elementary Education and Instructional Media,2,3,6,5,4,3,4,4,4,4,4,4,4,4,5,5,4,4,3,2,2,3,3,3,2,2,3,3,2,1,1,2,3,3,3,1,3,3,7,6,7,7,8,7,7,7,7,8,8,7,7,7,4,5,6,6,6,5,6,6,5,6,69e281b4f3e8645fbe642f08,
28/04/2026 09:24,28/04/2026 09:33,0,100,525,1,28/04/2026 09:33,R_3scJDylp3IwGQbs,,,,,anonymous,EN,69e1867188277a61e77eed7c,teacher,34,2,USA,"2,6",Online Teacher,English,"1,2",,13,2,,"2,3,4",,1,5,BA plus TESOL Teaching Certification,Psychology; Religion; TESOL,2,4,4,5,6,5,3,3,2,2,4,4,4,4,2,3,3,3,3,1,1,3,2,3,1,1,2,4,3,2,1,3,4,3,2,3,3,3,5,5,5,5,7,6,7,6,4,7,5,7,7,7,2,2,7,6,5,2,5,7,2,5,69e1867188277a61e77eed7c,
28/04/2026 09:38,28/04/2026 09:44,0,100,316,1,28/04/2026 09:44,R_3KSJZuaWH70ifgB,,,,,anonymous,EN,69b40f4cd1d882e08124a7fb,teacher,30,2,United States,3,,ELA/Math,3,,8,1,,"1,2,3",,1,2,,Special Education,2,3,4,4,5,2,5,5,4,5,4,2,4,5,2,2,1,4,3,3,3,4,3,3,2,2,3,4,3,2,3,3,3,4,4,3,4,4,7,5,7,5,7,7,5,7,9,7,4,8,7,7,6,5,7,6,6,5,6,7,5,6,69b40f4cd1d882e08124a7fb,
28/04/2026 09:36,28/04/2026 09:44,0,100,502,1,28/04/2026 09:44,R_2dZuWT2LrRK2rQu,,,,,anonymous,EN,6972629d2c622ee3b7b8b47b,teacher,65,1,Italia,1,,Physical Education,4,,13,1,,1,,1,1,,PHysical Education,2,5,5,4,5,3,4,4,4,4,3,3,3,4,4,4,3,4,3,3,4,4,4,3,3,2,1,4,2,2,2,1,3,3,2,2,3,3,4,5,7,6,5,6,5,5,4,5,4,4,4,6,7,7,7,5,5,7,5,7,7,5,6972629d2c622ee3b7b8b47b,
28/04/2026 09:47,28/04/2026 09:52,0,100,277,1,28/04/2026 09:52,R_85YDNWMBgMmTuNJ,,,,,anonymous,EN,69efb9b420360a885dd4433c,teacher,44,2,UK,3,,Autism class primary,2,,18,1,,1,,1,2,,Special needs,2,4,4,4,5,4,2,2,2,2,4,4,4,4,2,2,1,1,2,3,3,2,3,3,3,3,3,4,2,1,1,1,3,3,3,3,4,4,4,5,5,5,4,5,5,5,5,5,5,6,6,6,6,6,6,6,6,6,6,6,6,6,69efb9b420360a885dd4433c,
28/04/2026 10:09,28/04/2026 10:10,0,100,100,1,28/04/2026 10:10,R_5Cejv6KycOoKE3T,,,,,anonymous,EN,697ad1eaffe57db5ec5b2d80,,,,,,,,,,,,,,,,,,,,,,,,,,,,,,,,,,,,,,,,,,,,,,,,,,,,,,,,,,,,,,,,,,,,,,,,,,,,,,,,,697ad1eaffe57db5ec5b2d80,
28/04/2026 09:17,28/04/2026 10:11,0,100,3253,1,28/04/2026 10:11,R_5aaU40TXP62VRgv,,,,,anonymous,EN,69caba4db49820e40867ae74,teacher,31,1,United States,3,,"Science, Social Studies",3,,7,1,,"1,2,3",,1,1,,History,2,5,5,4,5,4,1,3,2,2,4,2,5,5,4,4,3,3,1,4,4,2,2,2,3,4,1,3,4,4,4,4,2,4,2,3,3,2,7,3,6,2,9,6,7,8,5,9,9,9,7,7,4,7,7,4,4,3,4,7,4,5,69caba4db49820e40867ae74,
28/04/2026 10:06,28/04/2026 10:15,0,100,562,1,28/04/2026 10:15,R_8VPA0xvtmWkalY5,,,,,anonymous,EN,69e4eb710182028e6bae20f9,teacher,35,2,South Africa,"1,2",,English,6,,6,1,,"1,2,5",,1,1,,Education ,2,1,2,2,2,1,5,4,4,4,5,4,4,4,4,5,5,4,4,1,1,4,4,4,1,1,4,4,1,2,1,1,3,4,2,2,4,4,8,7,8,9,6,9,9,9,8,7,7,7,6,7,7,7,6,6,7,7,7,6,6,7,69e4eb710182028e6bae20f9,
28/04/2026 10:07,28/04/2026 10:21,0,100,851,1,28/04/2026 10:21,R_4rgbDNucwDJRrsl,,,,,anonymous,EN,69e8a6f10443b7c37d79ace3,teacher,35,1,Japan,6,cram school teacher,English,"2,3,4,5",,8years,2,,2,,2,1,,Sociology,1,3,3,3,3,3,1,2,3,4,4,5,4,4,5,5,4,4,3,3,2,4,3,3,2,3,3,3,2,1,2,3,3,3,2,2,4,4,7,6,4,4,7,7,7,7,7,8,6,7,6,6,6,6,6,7,3,5,7,6,5,7,69e8a6f10443b7c37d79ace3,
28/04/2026 10:22,28/04/2026 10:26,0,100,285,1,28/04/2026 10:26,R_85sH4kt5cf52A8X,,,,,anonymous,EN,69791e0487479840c21e2e79,teacher,33,2,United Kingdom,"1,6",Assistant principal ,All subjects - primary school ,2,,11,1,,1,,2,1,,Law,2,2,2,4,4,2,4,4,5,4,5,5,5,5,5,5,4,5,3,2,1,4,4,4,1,3,3,4,1,1,2,2,4,3,1,1,3,4,9,8,8,8,7,8,9,9,8,9,7,9,6,6,7,6,6,7,7,6,5,7,7,7,69791e0487479840c21e2e79,
28/04/2026 10:25,28/04/2026 10:35,0,100,618,1,28/04/2026 10:35,R_5dSpKjJZD0TVeW3,,,,,anonymous,EN,69d91fecdcf94c913777c6a4,teacher,36,2,United States,1,,Mathematics,3,,12,1,,"1,2,3",,1,2,,Middle school mathematics,2,4,5,3,2,3,5,5,4,5,4,4,4,5,4,4,2,4,3,3,1,2,3,3,1,1,3,3,3,3,3,3,3,2,3,3,3,3,8,7,8,7,6,7,6,7,6,7,7,7,6,7,7,7,7,6,5,7,6,7,7,7,69d91fecdcf94c913777c6a4,
28/04/2026 09:45,28/04/2026 10:46,0,100,3709,1,28/04/2026 10:46,R_2EmdPwZPowvKsIU,,,,,anonymous,EN,6980a6ede87af1a5046c132f,teacher,49,2,Romania,"1,2,5",,"Communication and languages, Romanian and English",4,,26,1,,"1,4",,1,2,,"Philology, Faculty of Letters",2,4,4,4,5,5,3,4,4,3,4,4,4,4,4,4,4,3,3,3,2,4,2,3,2,2,3,3,2,3,2,2,3,3,2,3,3,3,9,7,7,7,9,8,8,8,9,9,7,8,6,6,6,6,6,4,4,6,4,6,6,4,6980a6ede87af1a5046c132f,
28/04/2026 10:37,28/04/2026 10:48,0,100,663,1,28/04/2026 10:48,R_5wGqrFfNV3GQADL,,,,,anonymous,EN,69807595bcf46b4ad2716d41,teacher,43,2,Argentina,"1,2",,"Grammar, Language, Problems in Second Language Acquisition","2,6",,20,2,,"1,3",,1,5,Master's Degree in Intercultural Studies,English as an EFL,2,3,3,2,3,3,2,3,3,3,4,4,4,4,4,3,4,3,3,3,3,3,2,3,3,3,4,3,3,3,4,3,3,3,3,3,3,3,6,9,7,9,9,9,9,9,9,9,9,9,4,4,7,7,7,7,7,7,7,7,7,7,69807595bcf46b4ad2716d41,
28/04/2026 10:51,28/04/2026 10:57,0,100,320,1,28/04/2026 10:57,R_1xXYonm1Nild4hK,,,,,anonymous,EN,69dc1093485db2d0a303e61a,teacher,43,2,Canada,1,,All,2,,21,1,,"1,3",,1,1,,General,2,4,4,4,3,5,2,2,2,3,4,4,4,4,3,3,3,3,3,3,2,2,2,2,3,3,2,3,3,4,4,3,3,3,3,2,3,3,4,4,5,5,7,6,6,5,6,6,6,7,7,7,6,6,7,5,5,6,5,7,5,5,69dc1093485db2d0a303e61a,
28/04/2026 10:44,28/04/2026 11:01,0,100,1015,1,28/04/2026 11:01,R_6K3BQcF6Sabn9VL,,,,,anonymous,EN,69dd5d7fed5abcaf8fe67890,teacher,30,2,United States,1,,English,3,,6,1,,1,,1,4,,English Literature ,2,4,4,5,6,5,4,4,4,2,4,4,4,4,3,4,3,3,4,3,2,3,4,4,1,1,4,4,2,1,1,1,4,4,1,1,4,4,5,5,3,5,7,7,6,7,7,7,7,7,7,7,3,1,7,7,7,2,7,7,2,7,69dd5d7fed5abcaf8fe67890,
28/04/2026 11:10,28/04/2026 11:19,0,100,552,1,28/04/2026 11:19,R_9oKII2d89Pq4GGs,,,,,anonymous,EN,6980d14eebf5c77720248a67,teacher,36,2,United Arab Emirates,1,,"English, Math, Science and ICT",2,,10,1,,"1,4",,1,1,,B.Ed intermediate and senior phase specializing in drama and music,2,5,5,4,6,5,4,4,4,3,5,5,5,5,2,2,1,1,3,2,2,2,3,3,2,2,4,3,3,4,3,2,3,3,2,3,3,2,9,8,7,8,7,8,8,8,3,8,7,8,5,6,7,7,6,5,2,7,3,7,7,3,6980d14eebf5c77720248a67,
28/04/2026 11:20,28/04/2026 11:31,0,100,688,1,28/04/2026 11:31,R_6YzAJiJlYyCxKZW,,,,,anonymous,EN,698224bc0b74c83bc667e667,teacher,34,2,Argentina,1,,English,6,,9,2,,"1,3",,1,1,,Language,2,2,3,5,2,6,3,4,2,4,4,3,3,4,3,2,1,1,3,2,4,3,2,4,3,1,2,2,4,3,4,3,2,1,2,4,1,2,7,4,3,7,7,5,7,5,7,8,4,5,5,7,2,2,6,7,7,2,7,7,2,7,698224bc0b74c83bc667e667,
28/04/2026 11:27,28/04/2026 11:33,0,100,384,1,28/04/2026 11:33,R_1BfyylEKZTOziS0,,,,,anonymous,EN,69ed8be55d6a21c698f4ec53,teacher,25,2,United States,"1,2",,science,3,,4,1,,1,,1,1,,"political science, sociology, education",2,4,5,6,6,5,1,1,3,1,4,3,4,4,1,1,1,1,3,3,3,2,4,3,4,3,2,1,4,4,4,4,3,4,4,3,3,3,5,5,5,5,5,5,5,7,3,8,4,5,7,7,1,1,7,7,7,1,7,7,5,7,69ed8be55d6a21c698f4ec53,
28/04/2026 11:40,28/04/2026 11:45,0,100,320,1,28/04/2026 11:45,R_2ulFZNEMcGiEY49,,,,,anonymous,EN,69c2bbf5bdb74f90cd8c73e3,teacher,36,1,Netherlands,"1,2",,History,"3,4",,11,1,,"1,3",,2,2,,History,2,3,4,3,4,3,3,4,4,4,4,4,4,4,3,3,4,3,3,2,2,4,4,3,2,2,3,4,2,2,2,2,4,3,2,2,3,4,7,7,7,5,8,7,7,7,7,8,4,7,6,6,4,5,6,5,5,4,5,6,5,5,69c2bbf5bdb74f90cd8c73e3,
28/04/2026 12:01,28/04/2026 12:05,0,100,258,1,28/04/2026 12:05,R_5MDJdcnZNZNLXG4,,,,,anonymous,EN,69f01d33f3bc3f11e80112a8,teacher,48,2,United States,5,,Marh,4,,26,1,,"1,3",,4,2,,Math/counseling/administration,2,2,2,2,3,2,4,4,3,4,5,4,5,5,4,4,4,4,4,1,2,4,3,3,2,2,4,4,2,2,2,2,4,3,2,2,4,4,9,7,9,7,7,7,7,9,6,8,8,7,7,7,7,6,6,5,7,6,6,7,6,6,69f01d33f3bc3f11e80112a8,
28/04/2026 12:39,28/04/2026 12:39,0,100,25,1,28/04/2026 12:39,R_6YMvsk5deDm7l0M,,,,,anonymous,EN,69b9af4b40db94cc01e58f70,teacher ,,,,,,,,,,,,,,,,,,,,,,,,,,,,,,,,,,,,,,,,,,,,,,,,,,,,,,,,,,,,,,,,,,,,,,,,,,,,,,,,69b9af4b40db94cc01e58f70,
28/04/2026 12:40,28/04/2026 12:41,0,100,33,1,28/04/2026 12:41,R_7PnUhdiXqZZd4EY,,,,,anonymous,EN,69c44ffe8c32619a9e5a86f6,teacher ,,,,,,,,,,,,,,,,,,,,,,,,,,,,,,,,,,,,,,,,,,,,,,,,,,,,,,,,,,,,,,,,,,,,,,,,,,,,,,,,69c44ffe8c32619a9e5a86f6,
28/04/2026 12:27,28/04/2026 12:43,0,100,929,1,28/04/2026 12:43,R_2EbGS4ZaDZmSlFd,,,,,anonymous,EN,695c090f900fa967a09a4bcf,teacher,43,2,UK,6,Online teacher,"Sociology, Mental health and wellbeing","2,3,4",,16,4,,4,,2,5,PGCE,BA Sociology,2,2,2,3,2,3,3,3,3,3,5,4,5,5,5,5,3,3,4,2,1,1,4,4,1,1,4,4,1,1,1,1,4,4,1,1,4,4,5,5,5,7,9,7,7,5,7,7,7,9,1,1,7,7,7,7,7,7,7,7,7,7,695c090f900fa967a09a4bcf,
28/04/2026 12:45,28/04/2026 12:56,0,100,622,1,28/04/2026 12:56,R_8j9AFSFD8BK7epv,,,,,anonymous,EN,696a88d7f6e44c3434e8a2c4,teacher,35,1,Switzerland,2,,Maths,"4,5",,10,1,,1,,1,2,,Maths,2,1,2,2,2,2,5,5,5,5,4,4,4,4,4,4,4,4,4,2,1,4,4,4,1,2,4,4,1,2,2,2,3,3,1,1,4,4,8,7,8,7,7,8,8,8,8,8,7,8,7,7,7,6,7,7,6,6,6,7,6,5,696a88d7f6e44c3434e8a2c4,
28/04/2026 13:21,28/04/2026 13:27,0,100,375,1,28/04/2026 13:27,R_2FnTa5vu671VcF0,,,,,anonymous,EN,69f0cb07cc9638f85aea267f,teacher,39,2,England,"1,2",,RE,"3,4",,13,1,,1,,1,4,,Childhood & Youth Studies,2,4,5,6,6,5,4,4,3,5,5,4,4,5,3,4,2,3,4,2,2,4,4,4,1,3,3,4,3,1,2,3,4,3,2,1,4,4,8,6,7,8,9,8,6,8,5,9,5,6,7,7,7,6,7,7,7,4,7,7,7,7,69f0cb07cc9638f85aea267f,
23/04/2026 01:15,23/04/2026 01:16,0,8,7,0,30/04/2026 01:16,R_2iEUZQEHj2ULnHn,,,,,anonymous,EN,123,,,,,,,,,,,,,,,,,,,,,,,,,,,,,,,,,,,,,,,,,,,,,,,,,,,,,,,,,,,,,,,,,,,,,,,,,,,,,,,,,123,
23/04/2026 04:39,23/04/2026 04:47,0,8,504,0,30/04/2026 04:47,R_849pjGUtks40HQd,,,,,anonymous,EN,andrea,,,,,,,,,,,,,,,,,,,,,,,,,,,,,,,,,,,,,,,,,,,,,,,,,,,,,,,,,,,,,,,,,,,,,,,,,,,,,,,,,andrea,
24/04/2026 08:19,24/04/2026 08:20,0,4,34,0,01/05/2026 08:20,R_2pbZQHBN6pBtR3f,,,,,anonymous,EN,123,,,,,,,,,,,,,,,,,,,,,,,,,,,,,,,,,,,,,,,,,,,,,,,,,,,,,,,,,,,,,,,,,,,,,,,,,,,,,,,,,123,
24/04/2026 08:20,24/04/2026 08:20,0,12,6,0,01/05/2026 08:20,R_8H0uDHixYkn2C65,,,,,anonymous,EN,123,teacher,,,,,,,,,,,,,,,,,,,,,,,,,,,,,,,,,,,,,,,,,,,,,,,,,,,,,,,,,,,,,,,,,,,,,,,,,,,,,,,,123,
24/04/2026 08:32,24/04/2026 08:34,0,69,116,0,01/05/2026 08:35,R_1jciRDPnbdNDWlr,,,,,anonymous,EN,69260e7734614d88e48e0470,teacher,30,2,Canada,1,,Dramatic Arts,"3,4",,8,1,,"1,3",,1,1,,Dramatic Arts,2,3,3,5,5,3,,,,,,,,,,,,,,,,,,,,,,,,,,,,,,,,,,,,,,,,,,,,,,,,,,,,,,,,,69260e7734614d88e48e0470,
24/04/2026 08:50,24/04/2026 08:50,0,4,2,0,01/05/2026 08:50,R_5z2GRD1acCWXxct,,,,,anonymous,EN,69aca3ff2a40d7e84d733778,,,,,,,,,,,,,,,,,,,,,,,,,,,,,,,,,,,,,,,,,,,,,,,,,,,,,,,,,,,,,,,,,,,,,,,,,,,,,,,,,69aca3ff2a40d7e84d733778,
23/04/2026 05:12,26/04/2026 13:17,0,77,288317,0,03/05/2026 13:17,R_2mTprLsp5ZDZzTb,,,,,anonymous,EN,69de80ccba55cf16ddd5fa67,teacher,26,2,Germany,1,,English,"3,4",,3,3,,1,,2,1,,Education,1,2,3,3,5,2,4,5,4,4,4,4,4,4,4,4,4,4,,,,,,,,,,,,,,,,,,,,,,,,,,,,,,,,,,,,,,,,,,,,,69de80ccba55cf16ddd5fa67,
27/04/2026 09:05,27/04/2026 09:05,0,4,8,0,04/05/2026 09:06,R_6Y6lWtmxTV6uICt,,,,,anonymous,EN,698de962ef08e48e38d53bda,,,,,,,,,,,,,,,,,,,,,,,,,,,,,,,,,,,,,,,,,,,,,,,,,,,,,,,,,,,,,,,,,,,,,,,,,,,,,,,,,698de962ef08e48e38d53bda,
28/04/2026 08:12,28/04/2026 08:12,0,4,24,0,05/05/2026 08:12,R_9iC3YhIuHFV2JB2,,,,,anonymous,EN,69ef41e3d38be6e40785e941,,,,,,,,,,,,,,,,,,,,,,,,,,,,,,,,,,,,,,,,,,,,,,,,,,,,,,,,,,,,,,,,,,,,,,,,,,,,,,,,,69ef41e3d38be6e40785e941,
06/05/2026 07:08,06/05/2026 07:14,0,100,342,1,06/05/2026 07:14,R_8bZCyUDGYiPxz9O,,,,,anonymous,EN,69f78e680c066188aadfed43,teacher,35,2,France,"1,3",,"Elementary school, I teach all subjects","1,2",,7,1,,"1,3",,1,2,,I have a degree in British/American Litterature and a Master's degree in Education,1,4,3,4,6,5,4,4,4,4,4,4,4,3,4,4,4,3,2,3,2,3,4,3,2,2,1,4,3,2,3,3,4,4,4,3,3,4,7,5,7,5,8,9,9,9,7,9,6,8,5,6,5,5,6,4,5,4,4,4,3,5,69f78e680c066188aadfed43,
06/05/2026 07:11,06/05/2026 07:16,0,100,304,1,06/05/2026 07:16,R_8QgvbKnvzanvZxg,,,,,anonymous,EN,69f63f81caf1fef115ec8f6d,teacher,41,1,Nederland,"1,2,3",,All subjects,4,,16,2,,1,,2,2,,Education,2,4,4,4,3,3,4,4,4,4,4,3,4,5,5,5,4,5,4,2,2,4,3,3,4,4,2,4,1,2,2,2,3,4,1,2,4,4,9,7,8,8,9,9,9,9,9,9,8,9,7,7,7,7,7,7,7,7,7,7,7,7,69f63f81caf1fef115ec8f6d,
06/05/2026 07:07,06/05/2026 07:16,0,100,548,1,06/05/2026 07:16,R_82UZzwivUjIbWWL,,,,,anonymous,EN,69f0d678f5d5cb82b537478a,teacher,59,2,Spain,"1,3",,History,6,,35,1,,"1,2,3",,1,1,,"Primary, History",2,1,3,2,1,2,4,3,3,4,5,4,4,4,5,5,3,4,3,4,2,4,3,3,1,1,2,4,1,1,1,1,4,4,1,1,4,4,8,7,8,7,9,7,9,8,9,8,7,9,7,6,5,5,7,6,5,6,5,7,6,6,69f0d678f5d5cb82b537478a,
06/05/2026 07:11,06/05/2026 07:16,0,100,343,1,06/05/2026 07:16,R_8WJyZUgiaU46AAd,,,,,anonymous,EN,69f244a222e4c22a29bdedf8,teacher,28,2,United Kingdom,1,,Primary ,2,,6,1,,1,,1,1,,Psychology ,2,2,3,4,5,2,4,4,4,4,3,4,4,5,3,3,4,4,3,2,3,3,4,3,1,3,2,3,1,1,1,2,4,4,1,1,4,4,5,5,6,3,7,6,7,7,7,7,7,8,7,7,7,7,7,7,7,7,7,7,7,7,69f244a222e4c22a29bdedf8,
06/05/2026 07:14,06/05/2026 07:19,0,100,293,1,06/05/2026 07:19,R_893MUmMyI2qK8D0,,,,,anonymous,EN,69f50445ebd8692081c9c776,teacher,45,2,España,"1,2",,"Lengua, matemáticas, ciencias sociales ","1,2",,23,1,,1,,1,1,,Magisterio ,2,2,2,2,4,4,4,4,4,4,5,5,5,5,5,5,5,5,4,2,1,4,4,4,1,1,4,4,1,2,1,1,4,4,1,1,4,4,9,8,8,8,9,8,8,8,9,9,9,9,7,7,7,7,7,7,7,7,7,7,7,7,69f50445ebd8692081c9c776,
06/05/2026 07:10,06/05/2026 07:19,0,100,567,1,06/05/2026 07:19,R_8Ej0IFcN4wcSmG2,,,,,anonymous,EN,69f2256d32190e4061c897d8,teacher,45,2,United Kingdom,1,,Primary - all subjects,2,,21,2,,1,,2,1,,BA(QTS) Education and Biology,2,3,4,4,5,5,4,3,4,3,5,4,5,5,4,4,2,4,3,3,2,3,3,2,3,3,3,3,3,3,3,2,2,3,2,3,3,2,6,5,5,6,7,5,6,6,4,9,6,7,7,7,7,6,7,5,5,4,5,7,5,5,69f2256d32190e4061c897d8,
06/05/2026 07:07,06/05/2026 07:20,0,100,787,1,06/05/2026 07:20,R_42eC3SYgvQpJvvH,,,,,anonymous,EN,69f438ee7f36115f9eaaadb2,teacher,47,2,South Korea,1,,English ,"4,5",,20+,1,,"1,2,3,4",,1,2,,TESOL / English Literatures / Education,2,3,3,5,5,5,2,2,3,2,5,4,4,4,4,5,4,4,4,1,3,4,3,3,2,2,3,4,1,2,1,1,4,4,2,2,4,4,8,7,9,8,8,8,7,8,8,9,5,6,7,7,6,6,6,6,5,6,6,6,6,6,69f438ee7f36115f9eaaadb2,
06/05/2026 07:08,06/05/2026 07:27,0,100,1169,1,06/05/2026 07:27,R_2kuEjQRxblDpapj,,,,,anonymous,EN,69f87093ef9c14f3bc4d7b8f,teacher,24,2,Poland,"1,6",Tutoring expert,"English and Polish language, arts and crafts (part-time)","2,3,4,7",,8 years,2,,"2,3,4",,1,4,,"Linguistics, computer science and cognitive science",2,3,4,4,5,5,2,2,4,4,5,4,4,5,4,4,5,4,3,1,1,3,3,2,4,3,4,3,2,2,4,4,2,1,3,3,3,3,7,5,8,7,7,7,9,7,8,9,6,9,5,5,3,2,5,4,5,2,4,5,1,3,69f87093ef9c14f3bc4d7b8f,
06/05/2026 07:23,06/05/2026 07:39,0,100,971,1,06/05/2026 07:39,R_6e0UHPsKxi2YBrP,,,,,anonymous,EN,69de57ea94b466f8ef7126ab,teacher,29,1,USA,1,,History,4,,7,1,,1,,1,1,,Secondary Education,2,3,3,4,4,4,5,5,5,5,4,3,4,5,4,5,5,5,3,3,2,4,4,3,2,2,2,4,2,3,3,3,4,3,2,4,3,3,7,5,9,5,7,7,9,7,7,9,6,7,3,3,6,5,2,5,7,3,6,2,7,6,69de57ea94b466f8ef7126ab,
06/05/2026 07:40,06/05/2026 07:49,0,100,508,1,06/05/2026 07:49,R_2Xn6u2iRqHDZeT1,,,,,anonymous,EN,69f5dfa6d632a284b5c13c77,teacher,42,1,Spain,"1,2",,English,"2,3,4",,15,2,,3,,1,1,,Education,2,2,2,1,3,2,4,5,5,5,5,4,4,4,5,5,5,5,4,1,1,4,4,3,1,2,3,4,1,1,1,1,4,4,1,2,3,4,8,7,9,7,9,8,8,8,8,8,8,9,7,7,5,5,7,7,7,5,7,7,5,7,69f5dfa6d632a284b5c13c77,
06/05/2026 07:56,06/05/2026 07:57,0,100,19,1,06/05/2026 07:57,R_2eDYjYkXfoPs0gx,,,,,anonymous,EN,69161a7c28dc889825157943,Teacher,,,,,,,,,,,,,,,,,,,,,,,,,,,,,,,,,,,,,,,,,,,,,,,,,,,,,,,,,,,,,,,,,,,,,,,,,,,,,,,,69161a7c28dc889825157943,
06/05/2026 07:54,06/05/2026 08:03,0,100,535,1,06/05/2026 08:03,R_26bVHxe2EZHtf3q,,,,,anonymous,EN,69f722e37a26076eea7711fc,teacher,30,1,England,1,,SEMH,"2,3,4",,7,1,,"1,2,3",,2,1,,SEND,2,4,4,5,5,3,4,4,3,2,4,3,4,5,1,1,2,1,3,2,3,2,2,3,1,2,3,3,4,3,3,3,3,2,4,3,3,2,7,5,6,6,7,7,6,8,7,8,7,8,6,6,4,4,6,5,5,5,4,6,5,3,69f722e37a26076eea7711fc,
06/05/2026 07:58,06/05/2026 08:06,0,100,483,1,06/05/2026 08:06,R_27riDMA8v7ZGlIR,,,,,anonymous,EN,69f9bfcd6311d7ed93fc858f,teacher,30,1,Ireland,2,,Information Technology ,5,,6,1,,1,,1,2,,Sociology ,2,2,2,2,2,2,4,4,4,4,4,5,5,5,5,5,5,5,4,2,2,4,4,3,2,3,3,3,2,3,2,2,4,4,2,3,4,4,8,5,7,7,7,5,6,8,8,8,8,9,7,6,4,4,7,6,6,6,6,7,5,6,69f9bfcd6311d7ed93fc858f,
06/05/2026 08:01,06/05/2026 08:09,0,100,483,1,06/05/2026 08:09,R_1atuJDPr0v3oBmu,,,,,anonymous,EN,69505a04143f01f9da5d5162,teacher,52,2,United States,1,,English,4,,26,1,,1,,1,2,,Masters at Teaching--ELA,2,3,5,1,5,1,1,1,1,1,4,4,4,5,3,3,3,3,3,2,1,3,4,3,1,2,3,4,3,3,1,1,3,4,3,2,4,4,9,9,9,9,9,9,9,9,9,9,9,9,7,7,7,7,7,7,7,7,7,7,7,7,69505a04143f01f9da5d5162,
06/05/2026 08:01,06/05/2026 08:11,0,100,609,1,06/05/2026 08:11,R_52FgsBmm5ArGvwR,,,,,anonymous,EN,695fd0ac62d797358c7cddab,teacher,57,2,United States,1,,Math,3,,30,2,,3,,2,1,,6-9 mathematics ,2,2,3,4,3,2,4,4,4,4,4,4,4,4,4,4,3,4,3,3,2,3,3,3,1,2,1,4,3,3,3,3,3,3,2,3,4,4,7,7,7,5,7,6,7,7,3,7,5,7,5,6,6,5,5,6,6,5,5,6,6,5,695fd0ac62d797358c7cddab,
06/05/2026 08:11,06/05/2026 08:12,0,100,47,1,06/05/2026 08:12,R_2Q9rVbRysPCSkeY,,,,,anonymous,EN,69f7b91fcd9fcac480c83b4a,Teacher,,,,,,,,,,,,,,,,,,,,,,,,,,,,,,,,,,,,,,,,,,,,,,,,,,,,,,,,,,,,,,,,,,,,,,,,,,,,,,,,69f7b91fcd9fcac480c83b4a,
06/05/2026 07:59,06/05/2026 08:13,0,100,845,1,06/05/2026 08:13,R_5jpgN5Nhww3QK7n,,,,,anonymous,EN,697b637b80c71093f27d2034,teacher,58,2,Canada,3,,Social Skills,"3,4",,20,1,,"2,3",,1,4,,specialized education,2,4,5,5,5,4,1,1,1,1,5,5,5,5,1,1,1,1,2,4,4,1,2,2,4,4,3,3,4,4,4,4,3,3,4,4,3,3,9,9,9,9,9,9,9,9,9,9,9,9,6,6,6,6,6,6,6,6,6,6,6,6,697b637b80c71093f27d2034,
06/05/2026 08:15,06/05/2026 08:21,0,100,333,1,06/05/2026 08:21,R_1lYR6NG4a4rGDn3,,,,,anonymous,EN,69b5c843eceef3f98017a5dc,teacher,43,2,United States,1,,Career Explorations,3,,21,1,,1,,1,2,,Middle Childhood Education- Mathematics and Science; CTE Certification,2,3,3,4,5,3,5,5,5,5,3,3,2,3,2,2,2,3,3,2,1,4,4,4,1,1,3,4,1,2,1,1,4,4,1,1,4,4,7,5,5,6,8,6,6,6,8,8,6,6,6,6,7,7,6,7,7,7,7,6,7,7,69b5c843eceef3f98017a5dc,
06/05/2026 08:16,06/05/2026 08:27,0,100,685,1,06/05/2026 08:27,R_51Hfq7Sy2sC8dyQ,,,,,anonymous,EN,69817083e375b13483bbf9ca,teacher,41,2,Mexico,2,,English,"1,2,3",,13,2,,"1,4",,1,2,,Masters on teaching and education ,2,3,3,2,3,2,3,3,4,2,5,4,5,5,4,4,3,4,3,3,2,3,3,3,2,3,4,4,2,2,2,2,3,3,2,2,4,4,7,9,8,8,8,8,8,9,7,9,7,8,5,5,4,3,5,6,6,3,6,6,3,6,69817083e375b13483bbf9ca,
06/05/2026 08:20,06/05/2026 08:27,0,100,427,1,06/05/2026 08:27,R_81NpA7FIV6cmVXe,,,,,anonymous,EN,6994af08008e12d36be79edb,teacher,57,1,United Kingdom,1,,French,"3,4",,9,1,,1,,1,1,,French language and literature ,2,3,3,4,5,2,4,5,4,5,2,2,4,4,4,4,3,4,3,1,1,4,4,3,1,3,3,4,2,2,1,1,4,3,1,1,4,4,9,9,9,8,8,9,7,9,7,9,7,7,7,7,7,7,7,4,4,7,4,7,7,5,6994af08008e12d36be79edb,
06/05/2026 08:25,06/05/2026 08:29,0,100,244,1,06/05/2026 08:29,R_8sFKO1omAztXTtn,,,,,anonymous,EN,69fa0ab263bde32e4b2cce8c,teacher,35,2,Spain,1,,English,"2,3,4,5",,15,2,,"1,3",,2,1,,English Studies,1,2,2,2,1,1,4,5,5,5,5,5,5,5,5,5,5,5,3,2,1,2,4,3,1,2,2,4,1,1,1,1,3,4,2,1,4,4,9,9,9,9,9,9,9,9,9,9,9,9,7,7,7,7,7,7,7,7,7,7,7,7,69fa0ab263bde32e4b2cce8c,
06/05/2026 08:29,06/05/2026 08:33,0,100,266,1,06/05/2026 08:33,R_7JZTtWyOaIrVR3r,,,,,anonymous,EN,69f746da7365c664da2cc04e,teacher,37,2,USA,1,,English,"3,4,6",,15,1,,"1,2,3,4",,1,3,,English and theatre ,2,2,3,4,4,2,4,4,4,4,4,4,4,4,4,4,3,4,3,2,1,4,3,3,2,2,4,3,1,2,2,2,3,3,2,2,3,3,6,7,6,6,8,4,7,6,8,8,5,8,5,5,2,2,5,5,5,4,5,5,6,6,69f746da7365c664da2cc04e,
06/05/2026 08:22,06/05/2026 08:38,0,100,952,1,06/05/2026 08:38,R_8iP9ZPDPKolIEON,,,,,anonymous,EN,6985227a1e917e4bbf359fe8,teacher,30,1,Spain,1,,English for Specific Purposes,5,,2,3,,1,,1,2,,English Studies,2,2,3,4,5,3,4,5,4,4,5,4,5,5,5,4,3,4,4,2,1,2,4,3,1,1,3,4,2,1,1,2,3,4,3,2,4,4,8,7,6,7,9,7,8,6,8,8,5,5,5,6,5,4,5,7,5,2,6,5,4,6,6985227a1e917e4bbf359fe8,
06/05/2026 08:20,06/05/2026 08:41,0,100,1234,1,06/05/2026 08:41,R_7ludkpYbG1YtvcA,,,,,anonymous,EN,69f0fdc493079baf50750a5b,teacher,40,1,United States,1,,Government,"3,4,6",,16,1,,1,,1,2,,Kinesiology,2,3,2,3,3,3,3,4,3,4,3,3,3,4,4,4,4,4,4,2,2,4,4,4,2,2,3,3,2,2,2,2,3,3,2,2,4,3,7,5,5,4,6,6,6,7,6,6,5,5,5,5,5,6,6,5,5,5,5,6,6,5,69f0fdc493079baf50750a5b,
06/05/2026 08:35,06/05/2026 08:44,0,100,494,1,06/05/2026 08:44,R_8BnA89cQc9dCLQh,,,,,anonymous,EN,69f729274030840f5bf35e59,teacher,29,1,United Kingdom,3,,"BTEC subjects
GCSE Science","2,3,4",,6,1,,"1,3",,1,4,,Engineering ,1,4,5,3,6,3,1,2,1,1,4,4,4,5,1,2,1,5,2,4,4,2,3,1,3,4,3,1,4,4,4,4,2,2,3,4,2,2,9,3,9,7,9,7,9,8,9,9,5,9,1,1,4,1,1,5,3,1,7,1,4,7,69f729274030840f5bf35e59,
06/05/2026 08:44,06/05/2026 08:45,0,100,31,1,06/05/2026 08:45,R_8FP7pE0FDdLTZDP,,,,,anonymous,EN,69ee8e2f46867fe997349631,Teacher,,,,,,,,,,,,,,,,,,,,,,,,,,,,,,,,,,,,,,,,,,,,,,,,,,,,,,,,,,,,,,,,,,,,,,,,,,,,,,,,69ee8e2f46867fe997349631,
06/05/2026 08:41,06/05/2026 08:51,0,100,585,1,06/05/2026 08:51,R_2bPE1RkCzXulEFG,,,,,anonymous,EN,6928b4a22b1bf776f9e50ff2,teacher,40,2,France,1,,All subjects,2,,12,1,,1,,1,2,,Education science,2,3,3,3,4,2,4,4,4,4,4,4,4,4,4,4,4,4,2,3,2,2,4,3,1,4,3,4,1,1,2,1,3,3,1,2,4,4,3,7,4,6,8,5,7,6,7,9,7,7,6,5,3,3,4,5,6,4,6,5,5,7,6928b4a22b1bf776f9e50ff2,
06/05/2026 08:54,06/05/2026 09:02,0,100,431,1,06/05/2026 09:02,R_2fVkGWs2zECHuC6,,,,,anonymous,EN,69d79d2bcee3675739a6c21c,teacher,33,1,Nederland,1,,All subjects,2,,12,1,,1,,2,1,,HAVO,2,2,2,2,2,2,4,4,4,4,4,3,4,4,5,4,4,4,2,1,2,1,1,1,1,1,2,2,2,3,3,3,3,3,3,3,3,3,8,8,8,8,8,7,8,8,8,7,8,8,6,6,6,5,6,5,6,6,6,6,6,6,69d79d2bcee3675739a6c21c,
06/05/2026 08:57,06/05/2026 09:05,0,100,455,1,06/05/2026 09:05,R_1SjC9cXmirbnzEZ,,,,,anonymous,EN,69dadcef57b0083c7bbff850,teacher,33,2,United States,1,,Math,"2,3",,8,1,,"1,3",,1,1,,Integrated Science ,2,2,4,2,4,2,2,4,4,2,4,3,5,5,4,2,3,3,4,2,1,4,4,4,1,1,4,4,1,1,1,1,4,4,1,1,4,4,5,5,5,6,8,6,6,7,9,7,6,5,6,7,6,5,7,6,7,4,7,7,6,7,69dadcef57b0083c7bbff850,
06/05/2026 08:57,06/05/2026 09:08,0,100,633,1,06/05/2026 09:08,R_4CPMQrmY6A8k0ro,,,,,anonymous,EN,698074b393facb90daaf8cad,teacher,34,2,Vietnam,1,,English,"2,4,5",,8,1,,"1,2,3,4",,1,1,,English linguistics and literature,2,3,3,2,2,1,4,4,5,5,4,4,4,5,4,4,3,4,3,2,2,4,4,3,3,2,3,3,2,2,2,1,3,3,2,2,4,3,5,6,6,8,7,8,8,6,8,7,5,7,6,6,7,6,6,7,7,7,7,7,5,7,698074b393facb90daaf8cad,
06/05/2026 09:07,06/05/2026 09:15,0,100,479,1,06/05/2026 09:15,R_2ROIv7x79zAxxo1,,,,,anonymous,EN,69ec96145a51372db36f9037,teacher,33,2,England,"3,4",,Speech and language,"1,2",,12,2,,"1,2,3",,1,1,,Psychology ,1,2,4,3,4,2,4,4,1,4,3,2,4,4,2,2,2,1,4,3,2,2,4,4,2,2,3,4,3,3,3,2,3,3,2,3,3,4,9,9,9,7,7,9,7,5,9,7,7,5,4,6,7,7,7,7,7,7,7,7,7,7,69ec96145a51372db36f9037,
06/05/2026 09:07,06/05/2026 09:17,0,100,617,1,06/05/2026 09:17,R_2ow3PgJusbKF7T5,,,,,anonymous,EN,69f0d782e5bd825ab3a98b70,teacher,55,2,England,4,,All,2,,18,1,,1,,2,5,,None,1,3,3,4,4,4,4,4,4,4,4,3,4,4,3,3,3,4,3,4,2,3,3,3,3,3,3,3,3,3,2,3,2,3,3,3,4,3,9,5,7,6,5,6,6,6,5,6,6,5,6,6,6,6,5,6,7,7,7,6,7,7,69f0d782e5bd825ab3a98b70,
06/05/2026 09:10,06/05/2026 09:17,0,100,395,1,06/05/2026 09:17,R_8ScZb2Hvlk8O5U0,,,,,anonymous,EN,69ef5d4d855e4248b4ab0143,teacher,42,2,England,1,,Primary,2,,21,2,,1,,2,1,,Education,2,2,3,5,6,3,4,4,4,4,4,4,4,4,4,4,3,4,3,3,1,2,3,3,1,2,2,4,3,3,3,2,4,3,1,3,4,4,7,5,7,7,7,8,8,7,7,8,7,7,6,6,5,5,5,5,6,6,6,6,6,6,69ef5d4d855e4248b4ab0143,
06/05/2026 09:15,06/05/2026 09:20,0,100,294,1,06/05/2026 09:20,R_7j6bAOLX5V6KsPT,,,,,anonymous,EN,699d01b8db48cbfb9747909a,teacher,43,2,United States,1,,"Social Studies (History, Economics, Government)",4,,18,1,,1,,1,2,,Masters in History,2,2,3,3,4,2,4,4,4,4,4,3,4,5,5,5,4,4,3,2,1,4,4,3,1,1,3,4,2,2,1,1,3,4,3,2,4,4,7,8,7,8,9,8,8,8,8,9,7,7,6,7,3,3,7,6,6,3,7,7,4,6,699d01b8db48cbfb9747909a,
06/05/2026 09:17,06/05/2026 09:26,0,100,565,1,06/05/2026 09:26,R_42WCoIpn7CCZHVN,,,,,anonymous,EN,697ab86a8adaba0504432c6b,teacher,29,2,Japan,4,,English ,3,,5,1,,1,,1,1,,Bachelor of Arts ,2,3,3,3,2,3,4,4,4,4,4,5,5,5,4,4,4,4,3,3,3,4,3,3,3,2,3,3,2,2,2,2,2,2,1,1,4,3,5,9,5,8,9,5,7,5,8,9,5,9,6,6,6,6,6,6,5,6,6,6,5,6,697ab86a8adaba0504432c6b,
06/05/2026 09:14,06/05/2026 09:30,0,100,1001,1,06/05/2026 09:30,R_20IUrnhJmKfOgf0,,,,,anonymous,EN,69f78eb984662ec3a52ea57e,teacher,44,2,United Kingdom ,"2,3",,"Maths, English ",2,,10,2,,"2,3",,2,4,,Learning mentor support,1,3,3,3,3,3,2,2,2,2,4,4,4,4,1,1,1,1,2,1,4,2,1,1,4,2,3,1,4,3,4,4,3,2,4,4,1,1,4,5,5,5,5,5,5,5,5,5,5,5,1,1,4,4,4,4,4,4,4,4,4,4,69f78eb984662ec3a52ea57e,
06/05/2026 09:07,06/05/2026 09:32,0,100,1494,1,06/05/2026 09:32,R_60tEYgkwkrkPVL3,,,,,anonymous,EN,69bb984ba635e4845f743a76,teacher,27,2,USA,1,,ELA,3,,5,1,,1,,1,2,,English,2,3,4,2,5,1,4,4,4,4,5,2,5,5,4,4,5,5,3,3,2,4,4,1,3,3,4,3,2,2,1,3,3,4,3,3,3,3,3,3,7,6,9,5,8,7,9,9,9,9,7,7,4,1,7,4,4,5,6,7,2,5,69bb984ba635e4845f743a76,
06/05/2026 09:38,06/05/2026 09:51,0,100,804,1,06/05/2026 09:51,R_2igtWKoJKVTXWPq,,,,,anonymous,EN,69f7cff39267081589db3ee8 69f7cff39267081589db3ee8,teacher,33,2,Teacher ,1,,English ,"3,4",,9,2,,1,,1,1,,English ,2,2,1,2,3,2,3,3,3,3,3,4,4,4,4,4,3,4,4,1,1,4,4,4,1,1,3,4,1,1,2,1,4,1,1,1,4,4,9,9,9,9,9,9,9,9,9,9,9,9,7,7,7,7,7,7,7,7,7,7,7,7,69f7cff39267081589db3ee8,
06/05/2026 09:47,06/05/2026 09:54,0,100,397,1,06/05/2026 09:54,R_211077Pxmw52HbC,,,,,anonymous,EN,69f068c111a40ad05c7659cd,teacher,56,2,UK,2,,English Literature,"3,4,5",,34,2,,1,,2,1,,English Literature,2,3,3,4,4,3,4,4,3,4,4,3,4,4,4,4,3,3,2,2,2,3,3,3,3,2,2,3,3,2,3,2,3,2,3,3,3,3,7,5,5,5,7,6,5,6,7,8,4,3,5,5,5,4,6,5,5,3,5,7,5,4,69f068c111a40ad05c7659cd,
06/05/2026 09:51,06/05/2026 10:01,0,100,596,1,06/05/2026 10:01,R_3PvX4NT3n4IRGk1,,,,,anonymous,EN,69ef6f685e9e3d6624156026,teacher,51,1,United States,1,,English/Special Education,6,,24,1,,1,,1,2,,Psychology,2,2,4,4,4,2,2,4,4,3,4,2,4,4,2,4,4,1,4,1,1,4,3,3,1,3,4,4,2,1,2,2,4,4,1,2,4,4,2,3,5,9,9,5,4,9,9,9,5,9,7,7,7,7,7,7,7,7,7,7,7,7,69ef6f685e9e3d6624156026,
06/05/2026 10:07,06/05/2026 10:08,0,100,24,1,06/05/2026 10:08,R_8Pp9MhUhzpAVUs8,,,,,anonymous,EN,69f0d389ade0b2977854fb42,,,,,,,,,,,,,,,,,,,,,,,,,,,,,,,,,,,,,,,,,,,,,,,,,,,,,,,,,,,,,,,,,,,,,,,,,,,,,,,,,69f0d389ade0b2977854fb42,
06/05/2026 10:01,06/05/2026 10:09,0,100,496,1,06/05/2026 10:09,R_2JNTUCppAwCeWSB,,,,,anonymous,EN,69f4943efdd7ce2bb6d53256,teacher,38,2,United Kingdom,"2,3,4",,Forest school and science ,2,,10,1,,"1,5",,2,5,HLTA course,Childcare,1,2,3,3,4,3,4,4,4,4,4,4,4,4,4,4,4,4,3,4,3,2,3,3,4,3,3,4,3,3,4,3,2,3,3,3,3,3,7,6,6,6,6,7,6,6,5,6,6,7,2,2,4,3,3,5,5,3,5,3,3,5,69f4943efdd7ce2bb6d53256,
06/05/2026 10:04,06/05/2026 10:10,0,100,359,1,06/05/2026 10:10,R_8BZuXu7fSIoylhL,,,,,anonymous,EN,69f5bb76f845c6ae7f522328,teacher,36,2,United Kingdom,"1,2",,"History, law and geography ","3,4,5",,9,1,,1,,1,1,,History ,2,5,5,5,5,6,4,5,5,4,4,4,4,4,2,2,1,1,3,1,3,3,1,1,3,3,2,3,3,3,3,3,2,3,3,3,3,3,8,7,6,5,9,8,5,8,7,7,7,7,6,6,5,6,6,5,5,6,5,7,6,5,69f5bb76f845c6ae7f522328,
06/05/2026 10:18,06/05/2026 10:27,0,100,538,1,06/05/2026 10:27,R_2PAiFfhCBzKIUoM,,,,,anonymous,EN,69f75cb718f0c489e8c2f20f,teacher,51,2,United Kingdom,3,,"Maths, Englias and Art",4,,20,1,,"1,2,3",,2,1,,Art,1,2,2,2,2,2,4,5,4,4,4,4,4,4,5,5,4,4,4,2,2,1,4,3,1,3,4,4,1,1,2,1,4,4,1,1,4,4,7,5,7,7,7,7,6,7,6,8,8,7,7,7,7,7,7,7,7,7,7,5,7,7,69f75cb718f0c489e8c2f20f,
06/05/2026 10:31,06/05/2026 10:38,0,100,417,1,06/05/2026 10:38,R_7PeyirN9CqwvBtL,,,,,anonymous,EN,69f72e6989e70c23fbe44bdd,teacher,45,1,United States,1,,Physical Education and Health,"3,4",,21,1,,1,,1,2,,Elementary Education Major,1,5,5,4,6,4,4,4,5,4,4,4,4,4,3,4,4,3,3,3,2,4,3,3,2,2,3,3,2,2,3,2,3,3,3,3,3,3,7,5,6,4,8,7,5,8,7,7,5,6,5,5,6,6,6,5,6,6,6,7,7,6,69f72e6989e70c23fbe44bdd,
06/05/2026 10:23,06/05/2026 10:38,0,100,883,1,06/05/2026 10:38,R_75fiR0It6J5dA2Z,,,,,anonymous,EN,6966df88ce0661d412cfec30,teacher,40,2,United States,"1,3",,"Language Arts, Math, Social Studies, and Science",4,,18,1,,"1,2,3",,1,1,,Education,2,5,3,3,3,3,3,4,4,3,4,4,4,4,4,4,4,4,2,3,4,2,1,2,3,3,3,2,2,3,3,3,3,2,3,3,3,3,7,7,7,7,7,8,8,8,8,8,8,8,5,5,6,4,5,5,4,4,4,6,5,5,6966df88ce0661d412cfec30,
06/05/2026 10:31,06/05/2026 10:39,0,100,480,1,06/05/2026 10:39,R_9ArVPFCmmhm25s5,,,,,anonymous,EN,69f48d9f50d167bb904c17b7,teacher,39,1,India,"1,2",,English,4,,10,2,,1,,1,4,,Education,2,1,1,1,2,3,4,4,4,4,4,4,5,5,5,5,5,5,3,2,1,3,2,2,2,3,2,2,1,2,2,1,2,3,2,1,3,3,8,8,8,8,8,8,8,8,8,8,7,8,4,6,7,7,7,6,6,7,6,7,7,6,69f48d9f50d167bb904c17b7,
06/05/2026 10:42,06/05/2026 10:43,0,100,27,1,06/05/2026 10:43,R_8PHz664zZ7MhtGu,,,,,anonymous,EN,69f24e8ea6c0c44e00aecc41,69f24e8ea6c0c44e00aecc41,,,,,,,,,,,,,,,,,,,,,,,,,,,,,,,,,,,,,,,,,,,,,,,,,,,,,,,,,,,,,,,,,,,,,,,,,,,,,,,,69f24e8ea6c0c44e00aecc41,
06/05/2026 10:39,06/05/2026 10:48,0,100,525,1,06/05/2026 10:48,R_5xviz2lrbbrHY9X,,,,,anonymous,EN,69aed277b911b6fe6c6356a0,teacher,43,2,Canada,1,,Kindergarten ,2,,20,1,,"1,2,3",,1,1,,Bachelor of education,2,5,6,2,5,4,4,4,2,2,2,2,3,3,2,2,1,2,3,3,3,3,3,3,3,3,4,3,3,3,3,3,3,2,3,4,3,3,3,3,1,3,5,3,3,3,3,6,3,5,2,2,6,6,4,4,3,2,2,3,1,4,69aed277b911b6fe6c6356a0,
06/05/2026 10:44,06/05/2026 10:54,0,100,600,1,06/05/2026 10:54,R_2WuJWiXV2XuTshX,,,,,anonymous,EN,69f8e62a63f09882120075f4,teacher,34,2,United Kingdom,"1,3",,SEN,"2,7",,5,1,,"1,2,3",,1,2,,"bsc sport and exercise science, MSc psychology and learning disability, PGCE primary education ",2,3,3,2,3,1,5,4,4,2,4,5,5,5,4,4,4,4,4,1,1,4,4,4,1,1,4,4,2,1,1,1,4,4,1,1,4,4,7,5,5,7,7,7,9,9,7,3,9,9,7,7,7,7,7,7,7,6,7,7,7,7,69f8e62a63f09882120075f4,
06/05/2026 10:47,06/05/2026 10:59,0,100,691,1,06/05/2026 10:59,R_8oXtiB6tszt7ftk,,,,,anonymous,EN,69f607e7e5df4a146511ed24,teacher,49,2,United Kingdom,4,,"Phonics, PE",2,,11,2,,1,,1,1,,Psychology,1,4,4,4,6,5,4,4,4,3,4,4,4,4,2,2,2,3,4,3,1,4,3,3,2,3,3,4,3,3,3,3,4,3,2,2,4,4,5,5,5,5,7,5,5,7,5,5,7,9,7,7,3,3,6,5,4,3,4,5,5,4,69f607e7e5df4a146511ed24,
06/05/2026 10:40,06/05/2026 11:00,0,100,1245,1,06/05/2026 11:00,R_2UJ8ubm2SG3kTAJ,,,,,anonymous,EN,698b17e874b9570d009baa4d,teacher,49,2,Spain,3,,Language and mathematics,2,,20,1,,"1,2,3",,1,2,,TEA Students,2,3,4,3,2,3,4,4,4,4,4,4,4,4,3,4,4,4,3,2,2,3,2,2,2,3,3,3,2,2,3,2,3,2,2,2,3,3,7,7,5,7,6,7,7,7,7,6,7,7,5,4,6,5,3,5,5,4,4,3,5,4,698b17e874b9570d009baa4d,
06/05/2026 10:56,06/05/2026 11:03,0,100,437,1,06/05/2026 11:03,R_7s6ae8hORfa9tEp,,,,,anonymous,EN,69f569374f33d057ba2040d1,teacher,42,1,United States ,3,,Special Education ,4,,15,1,,"1,2,3",,1,2,,"Elementary education, special education, educational leadership ",2,4,4,4,5,3,4,4,4,4,4,4,5,5,2,2,2,2,3,3,2,3,3,3,2,2,3,3,3,3,3,3,3,3,3,3,2,3,6,7,7,5,3,5,6,7,6,5,6,5,4,4,3,4,4,4,5,5,4,4,4,4,69f569374f33d057ba2040d1,
06/05/2026 11:08,06/05/2026 11:13,0,100,272,1,06/05/2026 11:13,R_50Mf6FF8cEy3OGz,,,,,anonymous,EN,69f3561b074c5e386d1ed5b6,teacher,33,1,United States,"3,5,6",SEL consultant,History,"3,4",,8,1,,"1,3",,5,2,,Social Studies,2,2,2,3,5,3,4,4,4,4,4,4,4,4,4,4,4,4,3,2,2,4,4,4,1,2,3,4,2,1,3,2,4,4,3,3,4,4,7,5,7,9,8,7,8,8,9,9,7,8,7,7,6,6,6,6,6,6,6,6,6,6,69f3561b074c5e386d1ed5b6,
06/05/2026 11:01,06/05/2026 11:15,0,100,838,1,06/05/2026 11:15,R_8ujsyZMMGxPKMzT,,,,,anonymous,EN,69f7552de6a5aadf438e6b02,teacher,33,1,United Kingdom,1,,Physics,6,,5,1,,1,,1,2,,Applied Physics,2,1,1,2,1,1,5,5,4,5,4,5,4,5,5,4,5,5,4,1,1,4,4,4,1,1,4,4,1,2,2,1,4,4,1,1,4,4,8,9,8,9,8,7,8,7,6,8,7,8,6,7,6,7,6,7,6,7,6,6,7,6,69f7552de6a5aadf438e6b02,
06/05/2026 11:08,06/05/2026 11:15,0,100,416,1,06/05/2026 11:15,R_8GvI3jJZ1UkTpH0,,,,,anonymous,EN,69ed1f0cd556a4b49b9b2cbb,teacher,52,2,UK,1,,All,2,,28,5,,1,,1,4,,Education ,2,3,4,4,6,5,2,3,3,2,5,5,5,5,4,4,4,4,2,3,3,2,1,2,4,4,2,3,4,4,4,4,3,1,2,4,2,2,7,7,7,7,7,7,8,9,7,8,5,5,7,7,5,5,7,2,2,5,1,7,5,1,69ed1f0cd556a4b49b9b2cbb,
06/05/2026 11:15,06/05/2026 11:16,0,100,36,1,06/05/2026 11:16,R_2fBtR9ol8uerJVM,,,,,anonymous,EN,69fa23d123e2f30ac873f21e,Teacher,,,,,,,,,,,,,,,,,,,,,,,,,,,,,,,,,,,,,,,,,,,,,,,,,,,,,,,,,,,,,,,,,,,,,,,,,,,,,,,,69fa23d123e2f30ac873f21e,
06/05/2026 11:17,06/05/2026 11:30,0,100,791,1,06/05/2026 11:30,R_6diu0MPEJKmlU2f,,,,,anonymous,EN,69f6b207d5801dc2b0c6559a,teacher,36,2,United States,"1,2",,Art,"1,2",,10,1,,1,,1,1,,Interdisciplinary studies ,2,3,3,4,4,3,3,4,4,4,4,4,4,4,4,4,3,4,3,2,1,1,3,3,1,2,3,4,2,1,3,2,3,3,1,2,4,4,5,5,5,5,5,5,7,5,7,7,5,7,6,7,7,7,7,6,5,7,7,7,7,7,69f6b207d5801dc2b0c6559a,
06/05/2026 11:23,06/05/2026 11:32,0,100,512,1,06/05/2026 11:32,R_8ekElV44QkLFzR7,,,,,anonymous,EN,69e7246137015c640cefcb78,teacher,33,1,United Kingdom,"1,2",,Maths,"3,4",,9,1,,1,,1,4,,Sports and exercise science,2,3,3,3,5,5,4,4,4,4,4,2,3,4,2,2,2,2,3,2,1,4,4,4,1,1,3,3,1,3,1,1,4,3,1,1,4,4,7,3,6,6,7,7,5,6,7,7,5,8,6,6,6,6,6,6,4,5,6,6,6,6,69e7246137015c640cefcb78,
06/05/2026 11:20,06/05/2026 11:43,0,100,1369,1,06/05/2026 11:43,R_7wogll4RYsFqPnG,,,,,anonymous,EN,694eefd5a0c4624035bc4562,teacher,48,2,United States,1,,Health/PE,"3,4",,10,1,,4,,1,1,,Sport/Exercise science,1,3,4,5,5,3,3,4,4,4,4,3,4,3,2,2,2,2,3,2,2,3,3,3,2,3,1,3,2,3,3,2,3,3,2,3,3,4,4,5,4,5,7,7,5,7,5,6,6,3,3,3,6,6,3,5,5,5,5,3,6,5,694eefd5a0c4624035bc4562,
06/05/2026 11:39,06/05/2026 11:44,0,100,310,1,06/05/2026 11:44,R_85Aucuq5GrJykH5,,,,,anonymous,EN,69f6264d8a6e9497109ed440,teacher,38,2,England,"1,2,3",,Science,"3,4",,11,1,,"1,3,5",,1,2,,Biology,2,3,4,5,5,3,4,4,3,3,4,4,5,5,5,5,4,4,3,3,3,2,2,2,3,3,2,3,4,3,3,3,2,2,3,3,2,2,7,6,7,5,8,8,6,8,7,8,4,6,5,5,2,2,4,4,2,2,3,5,3,2,69f6264d8a6e9497109ed440,
06/05/2026 11:23,06/05/2026 11:44,0,100,1284,1,06/05/2026 11:44,R_8HICt4dD6aZqECE,,,,,anonymous,EN,697a6807cab45dff12fd2f1b,teacher,39,2,Italy,4,,Mathematics,4,,10,2,,1,,2,1,,Education,2,2,3,3,2,3,4,4,4,4,5,4,4,4,4,4,4,4,3,3,2,3,4,3,1,3,3,3,2,3,3,2,4,4,4,3,4,4,7,9,7,9,9,8,9,7,6,8,7,8,6,6,7,7,6,5,5,6,6,7,6,6,697a6807cab45dff12fd2f1b,
06/05/2026 11:43,06/05/2026 11:50,0,100,466,1,06/05/2026 11:50,R_1oAzknwxENAwuyd,,,,,anonymous,EN,69b95d0e11b07d810d47d3f0,teacher,53,2,Canada,1,,"History, Law, Civics","3,4",,26,1,,"1,4",,1,1,,History,2,4,3,4,4,3,5,5,5,5,5,3,4,4,4,4,4,3,4,2,1,1,3,4,3,2,3,4,2,2,1,1,4,4,1,2,4,4,7,5,5,6,9,7,7,7,9,9,5,3,6,5,7,5,5,5,6,7,7,5,5,6,69b95d0e11b07d810d47d3f0,
06/05/2026 11:44,06/05/2026 11:51,0,100,435,1,06/05/2026 11:51,R_2Slib4MC1d7aRpO,,,,,anonymous,EN,69ec73ed4b0fb72fe62bb0d3,teacher,46,2,United Kingdom,"1,2",,Spanish,"3,4",,25,1,,1,,1,4,,MFL & European Studies & Education,2,2,2,2,5,3,3,4,4,4,5,5,5,5,4,4,4,4,3,3,3,3,3,3,2,3,3,3,3,3,3,3,3,3,3,3,4,4,7,6,6,7,7,6,6,7,7,8,7,7,7,7,7,7,7,7,7,7,7,7,7,7,69ec73ed4b0fb72fe62bb0d3,
06/05/2026 12:17,06/05/2026 12:23,0,100,339,1,06/05/2026 12:23,R_2SkosUWiZJ0V8Vv,,,,,anonymous,EN,69fa620f84a5840e1d0f671c,teacher,54,2,UK,4,,Math English Art Music PE,2,,13,2,,"1,2,3",,1,4,,Additional Needs,2,3,3,4,3,3,4,4,4,4,4,4,4,4,4,3,3,3,4,2,2,2,4,3,2,2,2,4,2,2,2,2,4,4,2,2,4,4,7,7,7,6,7,7,6,7,6,6,6,5,6,6,6,6,6,6,6,6,6,6,6,6,69fa620f84a5840e1d0f671c,
06/05/2026 12:18,06/05/2026 12:26,0,100,507,1,06/05/2026 12:26,R_1LNbjGCSIo3vZW8,,,,,anonymous,EN,69939b823c7d1ff0d5eecbb3,teacher,49,2,united states,1,,general education,2,,25,2,,1,,2,1,,"education
",2,2,2,2,2,2,5,5,5,5,5,5,4,5,5,5,4,5,4,1,1,4,4,4,1,2,4,4,1,1,1,1,4,4,1,1,4,4,7,8,7,9,8,8,8,9,8,8,8,8,7,7,7,7,7,7,7,7,7,7,7,7,69939b823c7d1ff0d5eecbb3,
06/05/2026 12:19,06/05/2026 12:27,0,100,453,1,06/05/2026 12:27,R_7fiau0kofly1joZ,,,,,anonymous,EN,6944039e9cdd53cee70f5dad,teacher,35,2,USA,"1,2",,English Language Arts,4,,12,1,,1,,1,1,,Early to Middle Childhood Education. Bachelor of Science in Education.,2,5,3,5,5,5,4,4,2,4,4,3,4,4,4,4,4,4,3,3,2,2,3,3,1,2,3,3,2,3,2,2,3,3,3,3,4,4,7,3,7,5,8,7,5,8,7,7,5,7,6,6,6,6,6,6,6,6,6,6,6,6,6944039e9cdd53cee70f5dad,
06/05/2026 12:46,06/05/2026 12:53,0,100,413,1,06/05/2026 12:53,R_1VJBhP2GSeBhiNT,,,,,anonymous,EN,69b308098e547948fbbbcb6f,teacher,66,2,United States,1,,"Math, science",4,,15,2,,1,,1,2,,Biology ,2,3,3,2,3,2,4,4,4,4,4,2,4,4,4,4,4,4,4,1,1,4,3,3,1,2,3,4,1,3,3,1,4,3,2,1,4,4,5,3,5,5,7,5,4,5,7,7,5,7,7,7,7,7,7,7,7,7,7,7,7,7,69b308098e547948fbbbcb6f,
06/05/2026 12:52,06/05/2026 12:55,0,100,185,1,06/05/2026 12:55,R_1Lj8YgectLiJ22M,,,,,anonymous,EN,69acac273547016b5604bbde,teacher,31,2,United States,1,,Math and English,2,,10,1,,"1,3",,1,2,,Elementary Education and Special Education,2,5,4,4,5,5,4,4,4,3,4,4,4,4,4,2,2,3,3,3,2,3,3,3,2,2,3,3,2,2,1,2,2,3,1,1,3,3,3,3,2,5,4,5,3,5,4,5,2,4,4,5,5,6,5,6,6,6,4,6,5,5,69acac273547016b5604bbde,
06/05/2026 13:15,06/05/2026 13:23,0,100,453,1,06/05/2026 13:23,R_8HOeK0v4iF116Xa,,,,,anonymous,EN,69fb7d6e2b008f96494e895f,teacher,38,1,United Kingdom,"1,2",,Physical education ,"3,4",,10,1,,1,,1,5,Pgce,Sport,2,2,4,2,4,2,4,3,4,2,4,5,5,5,3,4,2,4,3,2,2,4,4,4,2,3,3,3,1,2,3,2,4,4,1,2,4,4,8,7,7,7,8,8,9,8,8,9,7,6,7,7,7,7,7,6,7,7,7,7,7,7,69fb7d6e2b008f96494e895f,
06/05/2026 12:55,06/05/2026 13:29,0,100,2086,1,06/05/2026 13:29,R_8bIOOwK4yrFkOVd,,,,,anonymous,EN,697a831fa8bca783448eb45f,teacher,34,2,Spain,"1,2,6",Freelance instructional designer,Spanish Language,"2,3,4,5",,10,4,,"1,2,3,4",,1,1,,Spanish Language and Culture,2,3,3,5,4,3,3,3,4,3,4,4,4,4,4,4,3,4,3,3,2,3,3,3,2,3,3,4,3,3,3,3,3,3,3,3,4,4,6,5,6,6,7,8,7,7,8,8,8,8,7,6,7,6,7,5,5,5,5,7,7,5,697a831fa8bca783448eb45f,
06/05/2026 13:21,06/05/2026 13:33,0,100,699,1,06/05/2026 13:33,R_4d042CmHSknu3W7,,,,,anonymous,EN,697859ae6a689476dc101fa1,teacher,51,2,Australia,2,,Japanese,"2,3,4",,10,1,,1,,1,2,,Language education,2,2,2,2,2,3,2,4,4,4,4,4,3,4,4,4,3,3,3,2,2,4,3,3,1,1,3,3,2,1,1,2,3,3,1,2,4,4,9,5,7,7,5,7,5,7,7,5,5,7,5,5,7,6,7,6,6,5,7,4,4,7,697859ae6a689476dc101fa1,
06/05/2026 13:39,06/05/2026 13:47,0,100,468,1,06/05/2026 13:47,R_3aEssDud9NLP1K7,,,,,anonymous,EN,69fa2f782624f816e5ea4440,teacher,48,2,United States,"1,2",,K-5 core subjects and English aquisition,2,,20,1,,"1,2,3",,1,2,,Elementary education and Teaching English language learners,2,3,4,4,5,3,4,4,4,5,5,5,5,5,4,4,4,4,2,3,3,2,3,2,3,3,3,3,3,3,4,4,3,3,4,3,3,3,7,6,7,6,9,9,7,9,9,9,9,9,5,5,5,5,6,6,7,6,7,7,7,6,69fa2f782624f816e5ea4440,
06/05/2026 13:40,06/05/2026 13:53,0,100,807,1,06/05/2026 13:53,R_2Q01HKtg9HN6Tou,,,,,anonymous,EN,69f6202b75d9feaa5643803c,teacher,40,2,Spain,"1,2",,English Language ,"2,3,4,5",,16,2,,"1,2,3",,1,4,,Undeclared major in a Canadian university (2 years completed) and then Cambridge TEFL course to be an ESL teacher,2,2,3,3,4,2,3,4,5,3,4,4,4,4,4,4,5,5,3,2,1,4,4,3,1,2,3,4,2,2,2,1,4,4,1,1,4,4,7,5,6,5,7,7,7,5,4,8,6,5,7,6,5,4,7,7,7,5,7,7,5,7,69f6202b75d9feaa5643803c,
06/05/2026 13:49,06/05/2026 13:57,0,100,465,1,06/05/2026 13:57,R_68G4wvuxBvEGmxA,,,,,anonymous,EN,69ac915e8be7df11a8993109,teacher,43,2,United States,1,,English,3,,10,1,,1,,1,2,,Literature and adolescent education,2,3,5,5,5,4,4,4,4,4,4,4,4,4,2,3,2,2,3,3,1,3,4,4,1,2,3,3,2,2,2,1,3,3,2,1,4,4,8,5,8,5,8,8,8,9,8,9,5,5,7,7,6,7,7,6,6,6,6,7,6,6,69ac915e8be7df11a8993109,
06/05/2026 12:54,06/05/2026 14:18,0,100,5005,1,06/05/2026 14:18,R_2EGbSGYef8eSzCA,,,,,anonymous,EN,69f5182f3167bdfdefea5037,teacher,38,2,United Kingdom,3,,"English, Maths. Geography, history, art, phonics",2,,14,2,,"1,3",,2,4,,Psychology and Education,2,3,4,5,6,5,4,4,4,4,4,3,5,5,5,5,4,4,4,2,1,4,3,4,1,3,3,4,2,1,2,1,4,4,1,2,4,4,7,5,5,5,7,6,8,9,7,8,5,7,7,6,7,5,6,7,7,6,7,7,6,6,69f5182f3167bdfdefea5037,
06/05/2026 14:17,06/05/2026 14:21,0,100,288,1,06/05/2026 14:21,R_3zN10JUyAbCfDG0,,,,,anonymous,EN,691fa4224888777a31c98a66,teacher,31,2,United States of America,2,,Science,2,,5,2,,"1,3,5",,2,2,,Elementary education,2,4,4,5,4,3,5,4,4,5,4,5,4,5,5,4,4,4,3,3,2,3,3,3,3,3,1,2,2,1,2,2,3,2,2,3,3,3,6,4,6,4,8,5,5,4,6,9,7,4,6,7,7,7,7,5,5,7,5,7,7,5,691fa4224888777a31c98a66,